-0.10267049819231033, 1.4166619777679443, -0.06433424353599548
-0.10225328058004379, 1.4168702363967896, -0.0642646849155426
-0.10180990397930145, 1.4170774221420288, -0.0641390010714531
-0.10099613666534424, 1.4174984693527222, -0.06396842002868652
-0.10061317682266235, 1.417737603187561, -0.06387615948915482
-0.1002170667052269, 1.4179952144622803, -0.0638379380106926
-0.09984283894300461, 1.418265461921692, -0.06380989402532578
-0.09945645183324814, 1.4184935092926025, -0.0637485459446907
-0.09903087466955185, 1.4187003374099731, -0.06369311362504959
-0.09869112819433212, 1.4189079999923706, -0.06368082761764526
-0.09830041229724884, 1.4190384149551392, -0.06354936212301254
-0.09794647246599197, 1.4191563129425049, -0.06352896243333817
-0.09765149652957916, 1.4192618131637573, -0.06346967816352844
-0.09731490910053253, 1.419426679611206, -0.06341992318630219
-0.0970783531665802, 1.4196374416351318, -0.06339139491319656
-0.09671875089406967, 1.41983962059021, -0.06338551640510559
-0.09650887548923492, 1.4200807809829712, -0.06346458941698074
-0.09619084000587463, 1.4202522039413452, -0.06343121081590652
-0.09592348337173462, 1.4204435348510742, -0.06340871751308441
-0.09562688320875168, 1.4206722974777222, -0.06339525431394577
-0.09535825997591019, 1.4209656715393066, -0.06337457150220871
-0.09495201706886292, 1.4213207960128784, -0.06322328001260757
-0.09467071294784546, 1.4216103553771973, -0.06317825615406036
-0.09441069513559341, 1.4219356775283813, -0.06314167380332947
-0.09412133693695068, 1.4223105907440186, -0.06287612020969391
-0.09385479241609573, 1.4226776361465454, -0.06275609135627747
-0.09367499500513077, 1.422987461090088, -0.06263750046491623
-0.0935819149017334, 1.4232293367385864, -0.062427762895822525
-0.09344978630542755, 1.4234004020690918, -0.06223423779010773
-0.09350153803825378, 1.4235219955444336, -0.06210794299840927
-0.0933765172958374, 1.423690915107727, -0.061900727450847626
-0.09327368438243866, 1.423945665359497, -0.0617094524204731
-0.0932113379240036, 1.4243366718292236, -0.06152566522359848
-0.09310273081064224, 1.4247968196868896, -0.061339229345321655
-0.09296933561563492, 1.4252222776412964, -0.061125483363866806
-0.09287528693675995, 1.425704836845398, -0.060888905078172684
-0.09280382841825485, 1.4262422323226929, -0.060637447983026505
-0.09273821860551834, 1.4268614053726196, -0.06030059978365898
-0.09263081103563309, 1.4277359247207642, -0.05991872027516365
-0.09255284816026688, 1.4285887479782104, -0.059586502611637115
-0.09254282712936401, 1.4295477867126465, -0.059238750487565994
-0.09252291917800903, 1.4306120872497559, -0.05876652151346207
-0.09257852286100388, 1.431762933731079, -0.05836377292871475
-0.09263925999403, 1.432758092880249, -0.05771225690841675
-0.09268299490213394, 1.4338687658309937, -0.05717744678258896
-0.09266404062509537, 1.4350249767303467, -0.05667819082736969
-0.09266731888055801, 1.436009168624878, -0.0560358390212059
-0.09266547113656998, 1.4371134042739868, -0.05550648272037506
-0.09263739734888077, 1.4381680488586426, -0.055003438144922256
-0.09261725842952728, 1.4392805099487305, -0.05447005480527878
-0.09259569644927979, 1.4404189586639404, -0.05392812192440033
-0.0925595760345459, 1.4414772987365723, -0.05334066227078438
-0.09250219911336899, 1.4424781799316406, -0.05273512005805969
-0.09243584424257278, 1.443392276763916, -0.05198166146874428
-0.09237121045589447, 1.444566249847412, -0.05149436369538307
-0.0922146737575531, 1.4456900358200073, -0.050888143479824066
-0.09186678379774094, 1.4467157125473022, -0.05015316605567932
-0.09162677824497223, 1.4475544691085815, -0.04961273819208145
-0.09146222472190857, 1.4483733177185059, -0.04910439997911453
-0.09116212278604507, 1.4491535425186157, -0.048716168850660324
-0.09091074019670486, 1.449837327003479, -0.048207901418209076
-0.0906050056219101, 1.4505221843719482, -0.04772978648543358
-0.09031440317630768, 1.4512221813201904, -0.04731377214193344
-0.09002993255853653, 1.451736330986023, -0.046892695128917694
-0.08965287357568741, 1.4522520303726196, -0.046296458691358566
-0.08932667970657349, 1.4527021646499634, -0.04593385383486748
-0.08899392932653427, 1.4530967473983765, -0.04560478776693344
-0.08848967403173447, 1.453505039215088, -0.04522504284977913
-0.08814232051372528, 1.4538087844848633, -0.04497668519616127
-0.08775411546230316, 1.454068660736084, -0.04473014548420906
-0.08740921318531036, 1.4544891119003296, -0.04447175934910774
-0.08701849728822708, 1.4548224210739136, -0.04432502016425133
-0.08661969006061554, 1.4550820589065552, -0.0441773496568203
-0.08624805510044098, 1.4556992053985596, -0.0439777709543705
-0.08586878329515457, 1.4559476375579834, -0.04393462836742401
-0.08558572083711624, 1.4562898874282837, -0.04392922297120094
-0.0852702409029007, 1.4564759731292725, -0.04397791251540184
-0.0849124938249588, 1.456587314605713, -0.044029299169778824
-0.084636390209198, 1.4567608833312988, -0.04410496726632118
-0.08434178680181503, 1.4569576978683472, -0.044269561767578125
-0.08426366746425629, 1.4572068452835083, -0.04422615095973015
-0.08405899256467819, 1.4573947191238403, -0.04438479244709015
-0.08387269079685211, 1.4575872421264648, -0.04460437223315239
-0.08391279727220535, 1.457566499710083, -0.044618651270866394
-0.08377251029014587, 1.457643747329712, -0.044828057289123535
-0.08375418931245804, 1.4578053951263428, -0.04497300833463669
-0.08366212248802185, 1.457831621170044, -0.04521197825670242
-0.08358883112668991, 1.4580131769180298, -0.045476846396923065
-0.0836121141910553, 1.4581722021102905, -0.045624617487192154
-0.08362111449241638, 1.4583299160003662, -0.04587307944893837
-0.0835314691066742, 1.4585222005844116, -0.046133365482091904
-0.08352500945329666, 1.45867919921875, -0.04636332392692566
-0.08349329978227615, 1.4588391780853271, -0.0466315820813179
-0.0833243727684021, 1.45882248878479, -0.046762894839048386
-0.08325507491827011, 1.4589543342590332, -0.04700044170022011
-0.08318717777729034, 1.4590612649917603, -0.047235146164894104
-0.08319742977619171, 1.4588204622268677, -0.047371964901685715
-0.08313688635826111, 1.4589385986328125, -0.04761635512113571
-0.08310447633266449, 1.458987832069397, -0.04785392805933952
-0.08320826292037964, 1.4587931632995605, -0.04808267951011658
-0.08313330262899399, 1.4588404893875122, -0.04832073673605919
-0.08307433128356934, 1.4588488340377808, -0.04854600504040718
-0.08296840637922287, 1.4588981866836548, -0.048721905797719955
-0.08285635709762573, 1.4588961601257324, -0.04892006143927574
-0.08278777450323105, 1.458889126777649, -0.04909295588731766
-0.08255158364772797, 1.458590030670166, -0.04923415556550026
-0.08245489746332169, 1.4585365056991577, -0.04939592257142067
-0.08230700343847275, 1.458443522453308, -0.04941164329648018
-0.08224056661128998, 1.4583920240402222, -0.04952946677803993
-0.08215297758579254, 1.4583379030227661, -0.049627210944890976
-0.0822802186012268, 1.4582850933074951, -0.049684494733810425
-0.08222126960754395, 1.4582480192184448, -0.049748845398426056
-0.08217668533325195, 1.4582207202911377, -0.04978484660387039
-0.08216577768325806, 1.4581637382507324, -0.04981023073196411
-0.08215652406215668, 1.458092451095581, -0.04982281103730202
-0.08230447769165039, 1.458009123802185, -0.050074171274900436
-0.08230346441268921, 1.4579784870147705, -0.05007467046380043
-0.08237632364034653, 1.4579674005508423, -0.050067510455846786
-0.08243530988693237, 1.4579825401306152, -0.05003805831074715
-0.08254227787256241, 1.4579929113388062, -0.05000926926732063
-0.08263260126113892, 1.457882046699524, -0.05011525750160217
-0.08271921426057816, 1.4578458070755005, -0.05008750781416893
-0.0828288123011589, 1.4577842950820923, -0.05004975199699402
-0.0829073116183281, 1.4577401876449585, -0.0499977171421051
-0.08299624919891357, 1.4577131271362305, -0.04995841905474663
-0.0830434262752533, 1.4577140808105469, -0.049899060279130936
-0.0831010639667511, 1.4577350616455078, -0.049817245453596115
-0.08315566182136536, 1.4577327966690063, -0.04973852261900902
-0.08317641168832779, 1.4576852321624756, -0.049332521855831146
-0.08315286785364151, 1.4577206373214722, -0.049229901283979416
-0.08312394469976425, 1.457762598991394, -0.04911716282367706
-0.08322729170322418, 1.4576274156570435, -0.04900408908724785
-0.0831986665725708, 1.4576624631881714, -0.048889920115470886
-0.08319882303476334, 1.457683801651001, -0.048767708241939545
-0.08329358696937561, 1.457453966140747, -0.04882453754544258
-0.08328250050544739, 1.4574265480041504, -0.04872904345393181
-0.08326825499534607, 1.457395315170288, -0.048628706485033035
-0.08306770771741867, 1.4573460817337036, -0.04872111603617668
-0.08307643979787827, 1.4573307037353516, -0.04864427074790001
-0.08280983567237854, 1.4574354887008667, -0.04868653789162636
-0.08283587545156479, 1.4574464559555054, -0.048620037734508514
-0.08289257436990738, 1.4574615955352783, -0.04856003448367119
-0.08295533061027527, 1.45742928981781, -0.04851553961634636
-0.0829986035823822, 1.4573941230773926, -0.048476848751306534
-0.0829862579703331, 1.457392930984497, -0.048476655036211014
-0.08301114290952682, 1.4573431015014648, -0.04846995323896408
-0.08302712440490723, 1.457312822341919, -0.04846173897385597
-0.08314425498247147, 1.4571956396102905, -0.0485089048743248
-0.08317869156599045, 1.4571627378463745, -0.0485137403011322
-0.08340709656476974, 1.4569035768508911, -0.048514362424612045
-0.08343107998371124, 1.456795573234558, -0.04853760451078415
-0.08345629274845123, 1.4566912651062012, -0.04854753613471985
-0.08356919884681702, 1.4563664197921753, -0.04866420477628708
-0.0836011990904808, 1.4562833309173584, -0.04868633300065994
-0.08368247747421265, 1.4562065601348877, -0.04869523644447327
-0.08376050740480423, 1.456131935119629, -0.04869629070162773
-0.0838623195886612, 1.4560704231262207, -0.048692487180233
-0.08410663157701492, 1.455978274345398, -0.048634469509124756
-0.0842919647693634, 1.4559308290481567, -0.04859212785959244
-0.084464430809021, 1.4559053182601929, -0.048562970012426376
-0.08483564853668213, 1.4557371139526367, -0.04850016161799431
-0.08510494232177734, 1.4557545185089111, -0.04844370856881142
-0.0854453593492508, 1.455817461013794, -0.04837280511856079
-0.08615966141223907, 1.455920934677124, -0.0482412725687027
-0.0866975262761116, 1.4559783935546875, -0.04813722148537636
-0.08720025420188904, 1.4560729265213013, -0.04801289364695549
-0.08776216953992844, 1.4559537172317505, -0.04775797948241234
-0.08842918276786804, 1.4560056924819946, -0.04762904345989227
-0.08924287557601929, 1.4561361074447632, -0.047520603984594345
-0.09007976204156876, 1.4562610387802124, -0.04736712574958801
-0.09089408069849014, 1.45648193359375, -0.047252822667360306
-0.09137539565563202, 1.456794023513794, -0.04724840074777603
-0.0921512320637703, 1.456945776939392, -0.047115176916122437
-0.09294460713863373, 1.4570300579071045, -0.04699131101369858
-0.09375208616256714, 1.4570869207382202, -0.04688799008727074
-0.09453284740447998, 1.457175374031067, -0.046750832349061966
-0.09523071348667145, 1.4573419094085693, -0.04695765674114227
-0.09597975015640259, 1.4574406147003174, -0.046872854232788086
-0.09668349474668503, 1.4574604034423828, -0.046729620546102524
-0.09725791215896606, 1.457362174987793, -0.04681648313999176
-0.09790118783712387, 1.4573822021484375, -0.04669417440891266
-0.09851597249507904, 1.4574378728866577, -0.046545855700969696
-0.09907367080450058, 1.4574953317642212, -0.04640019312500954
-0.09961672127246857, 1.457603096961975, -0.04621855914592743
-0.10032957047224045, 1.4577265977859497, -0.04605085030198097
-0.10082849115133286, 1.4577653408050537, -0.045840147882699966
-0.10154608637094498, 1.4578202962875366, -0.04560869187116623
-0.1020311564207077, 1.4578518867492676, -0.04540181905031204
-0.10245812684297562, 1.4578146934509277, -0.045186422765254974
-0.10291800647974014, 1.457725167274475, -0.0450015515089035
-0.10333548486232758, 1.457780361175537, -0.0447695292532444
-0.10373200476169586, 1.4578461647033691, -0.04456106573343277
-0.10436704754829407, 1.4574580192565918, -0.04447875916957855
-0.1046915352344513, 1.457435131072998, -0.04425795003771782
-0.10501570254564285, 1.457473874092102, -0.044072914868593216
-0.10556329786777496, 1.4572453498840332, -0.04366173595190048
-0.10588318854570389, 1.45720374584198, -0.043476834893226624
-0.10616485029459, 1.45717453956604, -0.0433037243783474
-0.10645421594381332, 1.4570608139038086, -0.04291766881942749
-0.10669614374637604, 1.4570132493972778, -0.04274711757898331
-0.10685057193040848, 1.457000494003296, -0.042577002197504044
-0.10707801580429077, 1.4570050239562988, -0.04229402542114258
-0.1072622537612915, 1.457053780555725, -0.04212870076298714
-0.10741781443357468, 1.457107663154602, -0.0418502613902092
-0.10758045315742493, 1.4571669101715088, -0.041698701679706573
-0.10772993415594101, 1.457236409187317, -0.04152306914329529
-0.10777735710144043, 1.4573842287063599, -0.04147561639547348
-0.10802093893289566, 1.4575086832046509, -0.041355885565280914
-0.10838689655065536, 1.4576730728149414, -0.04148046299815178
-0.1087711974978447, 1.4578014612197876, -0.04139578342437744
-0.10905519127845764, 1.4579246044158936, -0.04132762923836708
-0.10925062745809555, 1.4579633474349976, -0.041386961936950684
-0.10951471328735352, 1.458008050918579, -0.041392065584659576
-0.10959813743829727, 1.45791757106781, -0.041539695113897324
-0.10978122800588608, 1.4579501152038574, -0.04157721623778343
-0.1100219190120697, 1.458026647567749, -0.04162665084004402
-0.11026593297719955, 1.4580886363983154, -0.04170545935630798
-0.11042385548353195, 1.4581985473632812, -0.04179931804537773
-0.1105409562587738, 1.4582768678665161, -0.042122747749090195
-0.11065215617418289, 1.4582924842834473, -0.04225499555468559
-0.11077943444252014, 1.4583433866500854, -0.04242831841111183
-0.11091697961091995, 1.458349585533142, -0.04260660335421562
-0.1111636757850647, 1.45841383934021, -0.0427204929292202
-0.11125729978084564, 1.4584122896194458, -0.04293090105056763
-0.11150365322828293, 1.458356499671936, -0.04331009462475777
-0.11160679906606674, 1.4583511352539062, -0.043543316423892975
-0.11167300492525101, 1.4583293199539185, -0.043802790343761444
-0.11187204718589783, 1.4581416845321655, -0.04404313489794731
-0.11182050406932831, 1.4580315351486206, -0.04439665004611015
-0.11186018586158752, 1.4579994678497314, -0.04471367970108986
-0.1118917241692543, 1.4579826593399048, -0.04503800719976425
-0.11193635314702988, 1.457961916923523, -0.045406829565763474
-0.11193027347326279, 1.4579123258590698, -0.04574858769774437
-0.11192069947719574, 1.4578596353530884, -0.04615082964301109
-0.11190587282180786, 1.4577995538711548, -0.04655865207314491
-0.11185657978057861, 1.457693338394165, -0.047054268419742584
-0.11185064911842346, 1.457702398300171, -0.04751789569854736
-0.11184058338403702, 1.4576611518859863, -0.04793418571352959
-0.11185764521360397, 1.4576681852340698, -0.0484650544822216
-0.11183539777994156, 1.4576548337936401, -0.048936985433101654
-0.11189387738704681, 1.4576061964035034, -0.049530141055583954
-0.11191286146640778, 1.4575635194778442, -0.0499853640794754
-0.11192308366298676, 1.457481026649475, -0.0504312664270401
-0.1119329035282135, 1.4574373960494995, -0.051005393266677856
-0.11196275800466537, 1.457361102104187, -0.05147081986069679
-0.11202002316713333, 1.4573118686676025, -0.051936231553554535
-0.11211533099412918, 1.4572768211364746, -0.05238901078701019
-0.11222833395004272, 1.4572126865386963, -0.05283691734075546
-0.11239858716726303, 1.457144021987915, -0.05360868573188782
-0.11253415048122406, 1.457084059715271, -0.05408802628517151
-0.11277896910905838, 1.4568569660186768, -0.05474204942584038
-0.11292703449726105, 1.4568020105361938, -0.055193495005369186
-0.11309458315372467, 1.4566855430603027, -0.055642977356910706
-0.11352169513702393, 1.4564132690429688, -0.05608034506440163
-0.11370140314102173, 1.4563243389129639, -0.056508347392082214
-0.11390632390975952, 1.4562501907348633, -0.0569046214222908
-0.11437436193227768, 1.4559482336044312, -0.057458844035863876
-0.11458457261323929, 1.4558594226837158, -0.05784507468342781
-0.11482884734869003, 1.4558055400848389, -0.05823236703872681
-0.11511529237031937, 1.45577073097229, -0.05883153900504112
-0.11537647992372513, 1.4557193517684937, -0.059161677956581116
-0.11565695703029633, 1.4556639194488525, -0.05951528251171112
-0.11578540503978729, 1.4557156562805176, -0.05994119867682457
-0.11604256182909012, 1.4556703567504883, -0.060243066400289536
-0.11628764867782593, 1.4555763006210327, -0.06053256615996361
-0.1165766790509224, 1.4556742906570435, -0.06081512197852135
-0.11686866730451584, 1.4556959867477417, -0.061105020344257355
-0.11704306304454803, 1.4557377099990845, -0.06126569211483002
-0.11732075363397598, 1.4557629823684692, -0.06152137368917465
-0.11754854023456573, 1.455792784690857, -0.06174346059560776
-0.11773000657558441, 1.4557331800460815, -0.062065452337265015
-0.11798121780157089, 1.4557546377182007, -0.06224004551768303
-0.11820326745510101, 1.455793023109436, -0.06243318319320679
-0.11841775476932526, 1.4558196067810059, -0.06258570402860641
-0.11861364543437958, 1.4558627605438232, -0.06278673559427261
-0.1188940480351448, 1.4558857679367065, -0.06327949464321136
-0.11907804757356644, 1.4560294151306152, -0.06344066560268402
-0.11940068751573563, 1.4561541080474854, -0.06374864280223846
-0.11955899000167847, 1.4562636613845825, -0.06387046724557877
-0.11971601843833923, 1.4563814401626587, -0.06399835646152496
-0.11982610821723938, 1.4565136432647705, -0.06413930654525757
-0.11997053772211075, 1.4566324949264526, -0.0642617866396904
-0.12003995478153229, 1.4565975666046143, -0.0645013228058815
-0.12021329253911972, 1.4566755294799805, -0.06462692469358444
-0.12042687088251114, 1.4567621946334839, -0.0647231936454773
-0.12057097256183624, 1.4566534757614136, -0.0648750364780426
-0.12075570970773697, 1.4567134380340576, -0.06500265002250671
-0.12093540281057358, 1.4567424058914185, -0.06508562713861465
-0.12110114842653275, 1.4566208124160767, -0.06524612009525299
-0.12127608805894852, 1.4566506147384644, -0.06538131088018417
-0.12141335755586624, 1.4566478729248047, -0.06548042595386505
-0.12155288457870483, 1.456692099571228, -0.06557576358318329
-0.12168268859386444, 1.4567456245422363, -0.06566515564918518
-0.12179281562566757, 1.4567971229553223, -0.06574761867523193
-0.12185455858707428, 1.4566878080368042, -0.06598149985074997
-0.12196941673755646, 1.4566738605499268, -0.06606622040271759
-0.12206569314002991, 1.4566478729248047, -0.06613969802856445
-0.12199975550174713, 1.4566420316696167, -0.06635786592960358
-0.12207326292991638, 1.4565691947937012, -0.06642409414052963
-0.1221829280257225, 1.456608533859253, -0.06648056954145432
-0.12222623825073242, 1.4565805196762085, -0.06653953343629837
-0.1222962960600853, 1.4565364122390747, -0.06659098714590073
-0.1223684772849083, 1.4564971923828125, -0.06663503497838974
-0.12241405248641968, 1.4564459323883057, -0.06667720526456833
-0.12267342954874039, 1.456242322921753, -0.06671067327260971
-0.12270283699035645, 1.4561946392059326, -0.06673362851142883
-0.12268965691328049, 1.4561277627944946, -0.0667707622051239
-0.12299422919750214, 1.455893635749817, -0.06704893708229065
-0.12293771654367447, 1.4558117389678955, -0.06711079180240631
-0.12295082211494446, 1.4557915925979614, -0.06733464449644089
-0.12286833673715591, 1.4557523727416992, -0.06741251796483994
-0.12278717756271362, 1.455731749534607, -0.0674857571721077
-0.12272558361291885, 1.4557613134384155, -0.06767178326845169
-0.12266761809587479, 1.4557764530181885, -0.06770764291286469
-0.12270474433898926, 1.455759048461914, -0.06769999861717224
-0.1226692870259285, 1.4556965827941895, -0.06772271543741226
-0.12264522910118103, 1.4555919170379639, -0.06773460656404495
-0.1226041167974472, 1.4553660154342651, -0.06779389828443527
-0.12253523617982864, 1.4553033113479614, -0.06779353320598602
-0.1224648728966713, 1.455283284187317, -0.06776507198810577
-0.12244077026844025, 1.4551606178283691, -0.06790042668581009
-0.12237612903118134, 1.4551414251327515, -0.06785216927528381
-0.12229105085134506, 1.4550907611846924, -0.06780426949262619
-0.12220155447721481, 1.4550079107284546, -0.06776028126478195
-0.12209132313728333, 1.4549816846847534, -0.06774135679006577
-0.12198871374130249, 1.455009937286377, -0.06773125380277634
-0.12184518575668335, 1.4551435708999634, -0.06769927591085434
-0.12170816957950592, 1.4552884101867676, -0.06765265762805939
-0.12158138304948807, 1.455399990081787, -0.06760437786579132
-0.12144283950328827, 1.4554840326309204, -0.06753097474575043
-0.12132463604211807, 1.4554760456085205, -0.06744900345802307
-0.12120568752288818, 1.4554363489151, -0.06735920906066895
-0.12107554078102112, 1.4553887844085693, -0.0672655925154686
-0.12095009535551071, 1.4553488492965698, -0.06716955453157425
-0.12110593169927597, 1.455366849899292, -0.06733390688896179
-0.12099137902259827, 1.4553179740905762, -0.06724360585212708
-0.12110032886266708, 1.455136775970459, -0.06761512905359268
-0.1209750548005104, 1.4550758600234985, -0.06754500418901443
-0.120851531624794, 1.4549998044967651, -0.06748442351818085
-0.12071940302848816, 1.4549349546432495, -0.06742358207702637
-0.12058063596487045, 1.454878568649292, -0.06736058741807938
-0.12040399014949799, 1.454886555671692, -0.06733827292919159
-0.12024420499801636, 1.4547802209854126, -0.06727782636880875
-0.1200713962316513, 1.4546629190444946, -0.06720753014087677
-0.11976383626461029, 1.4546754360198975, -0.06717438250780106
-0.11954978853464127, 1.454595923423767, -0.06707814335823059
-0.11938433349132538, 1.4545060396194458, -0.0669645294547081
-0.11915554106235504, 1.454464316368103, -0.0668209120631218
-0.11895138770341873, 1.4543793201446533, -0.06673511117696762
-0.1188221350312233, 1.454202651977539, -0.06660762429237366
-0.11863496154546738, 1.4541220664978027, -0.06646745651960373
-0.11841965466737747, 1.4540687799453735, -0.06638471782207489
-0.11826959997415543, 1.4539817571640015, -0.0663772001862526
-0.11803078651428223, 1.4539391994476318, -0.06627119332551956
-0.11778710037469864, 1.453884243965149, -0.06611267477273941
-0.11731308698654175, 1.4536523818969727, -0.06584230810403824
-0.11711353808641434, 1.4533790349960327, -0.0656648501753807
-0.11684901267290115, 1.4530621767044067, -0.06550150364637375
-0.11638530343770981, 1.4526358842849731, -0.0657135620713234
-0.11593406647443771, 1.4523605108261108, -0.06558744609355927
-0.11550908535718918, 1.452012062072754, -0.06539195030927658
-0.11500430107116699, 1.451646089553833, -0.06526302546262741
-0.11457783728837967, 1.4513161182403564, -0.06515345722436905
-0.11421382427215576, 1.4510802030563354, -0.06532371044158936
-0.11386433243751526, 1.450900912284851, -0.06527093797922134
-0.11349956691265106, 1.4506908655166626, -0.06516983360052109
-0.113106869161129, 1.4505221843719482, -0.06511867791414261
-0.1127644032239914, 1.450363278388977, -0.06511896103620529
-0.11252163350582123, 1.4502168893814087, -0.06525725871324539
-0.11219242215156555, 1.4501954317092896, -0.06524686515331268
-0.11188369989395142, 1.450257658958435, -0.06521277874708176
-0.11160992085933685, 1.450225830078125, -0.06518183648586273
-0.11131919175386429, 1.450111746788025, -0.06513738632202148
-0.1110779270529747, 1.4500371217727661, -0.06502743065357208
-0.1109127625823021, 1.4499855041503906, -0.06496976315975189
-0.11091522127389908, 1.4500170946121216, -0.0646916925907135
-0.11079921573400497, 1.4500619173049927, -0.06459534168243408
-0.11060439050197601, 1.4501762390136719, -0.0645061582326889
-0.1106790229678154, 1.4502767324447632, -0.06421852111816406
-0.11051297932863235, 1.4503194093704224, -0.06417457014322281
-0.1104612872004509, 1.4503968954086304, -0.0641099214553833
-0.11028791218996048, 1.450350046157837, -0.06403142958879471
-0.1101294606924057, 1.4503974914550781, -0.06395529210567474
-0.10994967818260193, 1.4503300189971924, -0.06401652842760086
-0.1097952276468277, 1.4504505395889282, -0.06394059956073761
-0.1096457690000534, 1.4506888389587402, -0.063865065574646
-0.10946302115917206, 1.450730562210083, -0.06380472332239151
-0.1093512773513794, 1.4505031108856201, -0.06382951885461807
-0.10921213030815125, 1.4505562782287598, -0.06377255171537399
-0.10912806540727615, 1.4501954317092896, -0.06397044658660889
-0.10896226763725281, 1.4502657651901245, -0.06393338739871979
-0.1088121309876442, 1.4503698348999023, -0.06389445066452026
-0.10893207043409348, 1.4503101110458374, -0.0641571506857872
-0.10878847539424896, 1.450394630432129, -0.0641389712691307
-0.10876373201608658, 1.4504539966583252, -0.06414822489023209
-0.10865578800439835, 1.450539469718933, -0.06413161009550095
-0.10857579112052917, 1.4505553245544434, -0.06411077082157135
-0.10845877975225449, 1.4506216049194336, -0.06430362910032272
-0.10838036984205246, 1.4506093263626099, -0.06430531293153763
-0.1082913801074028, 1.450590968132019, -0.06430221349000931
-0.10822400450706482, 1.450587272644043, -0.06428878754377365
-0.10817452520132065, 1.4505852460861206, -0.06424041092395782
-0.10809110850095749, 1.4506124258041382, -0.0645596832036972
-0.10807720571756363, 1.4505999088287354, -0.06454188376665115
-0.1080801710486412, 1.4505817890167236, -0.0645129606127739
-0.10812985152006149, 1.4505635499954224, -0.06449853628873825
-0.10815708339214325, 1.4505209922790527, -0.06449202448129654
-0.10810533910989761, 1.450486183166504, -0.06486128270626068
-0.10815034061670303, 1.4504482746124268, -0.06483457237482071
-0.10824309289455414, 1.4504210948944092, -0.06477466225624084
-0.10831975191831589, 1.450140118598938, -0.0649949312210083
-0.10839922726154327, 1.4500318765640259, -0.06491289287805557
-0.10857722163200378, 1.4498096704483032, -0.06495244055986404
-0.1086207926273346, 1.4496604204177856, -0.0649150013923645
-0.10864420235157013, 1.4495402574539185, -0.06484782695770264
-0.10868098586797714, 1.4494463205337524, -0.06480514258146286
-0.10872549563646317, 1.4494134187698364, -0.06474336981773376
-0.10877608507871628, 1.449396014213562, -0.06465926766395569
-0.10883793234825134, 1.4493591785430908, -0.06459192931652069
-0.10908138751983643, 1.4494097232818604, -0.06458786875009537
-0.10916274040937424, 1.4493701457977295, -0.06452236324548721
-0.10925564914941788, 1.449343204498291, -0.06444677710533142
-0.10947474837303162, 1.4493262767791748, -0.06439090520143509
-0.1095762625336647, 1.4493026733398438, -0.06434909999370575
-0.11001540720462799, 1.4492348432540894, -0.0641101598739624
-0.1101265624165535, 1.4492440223693848, -0.06408490985631943
-0.11022645980119705, 1.449228286743164, -0.06381208449602127
-0.1103268414735794, 1.449297547340393, -0.06375635415315628
-0.11043813824653625, 1.449337363243103, -0.06371389329433441
-0.11067038774490356, 1.4493534564971924, -0.06371261924505234
-0.11070883274078369, 1.4493484497070312, -0.06366534531116486
-0.11074767261743546, 1.4493496417999268, -0.06367073208093643
-0.11107250303030014, 1.4493604898452759, -0.06383945792913437
-0.11121749132871628, 1.4494363069534302, -0.06380941718816757
-0.11129102110862732, 1.4492369890213013, -0.06398230046033859
-0.11125249415636063, 1.4491883516311646, -0.06397327780723572
-0.11117364466190338, 1.4491091966629028, -0.06396166980266571
-0.11106599867343903, 1.449040412902832, -0.06397536396980286
-0.11098187416791916, 1.4489694833755493, -0.06397207081317902
-0.11080460250377655, 1.4487332105636597, -0.06413506716489792
-0.11066629737615585, 1.4487005472183228, -0.06415367126464844
-0.11051002144813538, 1.4487115144729614, -0.0641477108001709
-0.11027025431394577, 1.4485384225845337, -0.0641588419675827
-0.11011112481355667, 1.4485654830932617, -0.06416792422533035
-0.1099383756518364, 1.44858980178833, -0.06416671723127365
-0.10974884033203125, 1.448630452156067, -0.0641564428806305
-0.10955062508583069, 1.4486379623413086, -0.0641738623380661
-0.10936735570430756, 1.4485934972763062, -0.06403078138828278
-0.10916604101657867, 1.4486157894134521, -0.06404439359903336
-0.1089656874537468, 1.4486743211746216, -0.06407158076763153
-0.1087723970413208, 1.4487125873565674, -0.06407582014799118
-0.10866691172122955, 1.4485039710998535, -0.06439442932605743
-0.10846181958913803, 1.4485039710998535, -0.06440567225217819
-0.10828711092472076, 1.4483888149261475, -0.06463905423879623
-0.1081230640411377, 1.4483180046081543, -0.06466794013977051
-0.10797356069087982, 1.4482814073562622, -0.06469280272722244
-0.10782847553491592, 1.4482100009918213, -0.06474796682596207
-0.10770256072282791, 1.4481589794158936, -0.06479832530021667
-0.10752198100090027, 1.4482003450393677, -0.06483501195907593
-0.10740597546100616, 1.448166012763977, -0.06486626714468002
-0.10724416375160217, 1.4481329917907715, -0.06492692977190018
-0.10687345266342163, 1.4481440782546997, -0.06488261371850967
-0.10675987601280212, 1.4481923580169678, -0.0649256780743599
-0.10662398487329483, 1.4482682943344116, -0.06496678292751312
-0.10633453726768494, 1.4484297037124634, -0.06493044644594193
-0.10620380938053131, 1.4484132528305054, -0.06495998054742813
-0.1060941219329834, 1.4484368562698364, -0.0650012195110321
-0.10594521462917328, 1.448440432548523, -0.06503412872552872
-0.10583731532096863, 1.4484446048736572, -0.0650610476732254
-0.10569851100444794, 1.4484487771987915, -0.06508342921733856
-0.10559896379709244, 1.4484517574310303, -0.06509822607040405
-0.10559204965829849, 1.4485310316085815, -0.06528802216053009
-0.10552149266004562, 1.4484798908233643, -0.06530655175447464
-0.10540676862001419, 1.448466181755066, -0.06533350795507431
-0.10532306879758835, 1.4484713077545166, -0.06534428149461746
-0.10522133857011795, 1.4484922885894775, -0.06535504758358002
-0.1053486168384552, 1.4484666585922241, -0.06572845578193665
-0.10526788979768753, 1.448492169380188, -0.06573669612407684
-0.10517919808626175, 1.4485085010528564, -0.06573845446109772
-0.1052762120962143, 1.4484888315200806, -0.06587395817041397
-0.10519668459892273, 1.4485191106796265, -0.06587710231542587
-0.10513712465763092, 1.4485269784927368, -0.0658712089061737
-0.10506542026996613, 1.4485536813735962, -0.06586805731058121
-0.1051359474658966, 1.4486007690429688, -0.06591682881116867
-0.10508476197719574, 1.448630928993225, -0.06589937210083008
-0.10520454496145248, 1.4486589431762695, -0.06592951714992523
-0.10513138025999069, 1.4487205743789673, -0.06590351462364197
-0.10507360100746155, 1.4487676620483398, -0.06587649881839752
-0.10517321527004242, 1.44883131980896, -0.06582089513540268
-0.10510481148958206, 1.448866367340088, -0.065779909491539
-0.105002261698246, 1.4488739967346191, -0.06582702696323395
-0.10494429618120193, 1.4489073753356934, -0.06579764187335968
-0.10489171743392944, 1.4489377737045288, -0.06574705243110657
-0.10477901995182037, 1.4488884210586548, -0.06569212675094604
-0.10470699518918991, 1.4489151239395142, -0.06564787030220032
-0.1045430600643158, 1.448744535446167, -0.06566783040761948
-0.10447288304567337, 1.4487450122833252, -0.065633624792099
-0.10439316928386688, 1.448793649673462, -0.06560692191123962
-0.10425888746976852, 1.4487614631652832, -0.06557980924844742
-0.1041850596666336, 1.4488412141799927, -0.06557299941778183
-0.10407169163227081, 1.4489402770996094, -0.06557025015354156
-0.10398770868778229, 1.4491057395935059, -0.06560174375772476
-0.10388772189617157, 1.4492465257644653, -0.0656035989522934
-0.1037629023194313, 1.4494177103042603, -0.06566432863473892
-0.10367950052022934, 1.4495469331741333, -0.06570089608430862
-0.1035795584321022, 1.4496655464172363, -0.06573127210140228
-0.10359574109315872, 1.4499096870422363, -0.06586083024740219
-0.10348603874444962, 1.4500579833984375, -0.06588739156723022
-0.10358410328626633, 1.4500077962875366, -0.06590817868709564
-0.1034696027636528, 1.4500393867492676, -0.0659499242901802
-0.10336754471063614, 1.4500430822372437, -0.06598766893148422
-0.10345429927110672, 1.4499527215957642, -0.06606569141149521
-0.10335005819797516, 1.4499824047088623, -0.06609317660331726
-0.10327199101448059, 1.4500224590301514, -0.06610940396785736
-0.10316529870033264, 1.4500737190246582, -0.06613142788410187
-0.10308065265417099, 1.4500917196273804, -0.06614668667316437
-0.10297475010156631, 1.4500633478164673, -0.06615997105836868
-0.10287147015333176, 1.45016348361969, -0.06622391194105148
-0.10273708403110504, 1.4501540660858154, -0.06626467406749725
-0.10260094702243805, 1.4501701593399048, -0.06631607562303543
-0.10248327255249023, 1.4504905939102173, -0.06628838181495667
-0.10231708735227585, 1.4505306482315063, -0.06633173674345016
-0.10212909430265427, 1.4505380392074585, -0.06635584682226181
-0.10193044692277908, 1.4504936933517456, -0.06639997661113739
-0.1016826406121254, 1.4504306316375732, -0.06641984730958939
-0.10161398351192474, 1.4504879713058472, -0.06642713397741318
-0.10133331269025803, 1.4503695964813232, -0.0664352998137474
-0.10116800665855408, 1.4499551057815552, -0.06663159281015396
-0.10087358206510544, 1.449942946434021, -0.06664488464593887
-0.10062219947576523, 1.449845552444458, -0.06659860163927078
-0.10027990490198135, 1.4494681358337402, -0.06671006232500076
-0.09996297955513, 1.449395775794983, -0.06665623188018799
-0.09967227280139923, 1.449404001235962, -0.06664277613162994
-0.09938835352659225, 1.4493508338928223, -0.0666012242436409
-0.09906934946775436, 1.4492894411087036, -0.06653691083192825
-0.09876953065395355, 1.4492133855819702, -0.06651079654693604
-0.09844499081373215, 1.449137806892395, -0.06646301597356796
-0.09810979664325714, 1.4490253925323486, -0.0663885697722435
-0.09780505299568176, 1.448946475982666, -0.06636394560337067
-0.09744171053171158, 1.4488681554794312, -0.06630676984786987
-0.09708379209041595, 1.4485204219818115, -0.06632202118635178
-0.09673675894737244, 1.4484186172485352, -0.06627533584833145
-0.09637544304132462, 1.4483338594436646, -0.06624453514814377
-0.09604484587907791, 1.4482580423355103, -0.06618525087833405
-0.09568838030099869, 1.4482011795043945, -0.0661490187048912
-0.09531848877668381, 1.4481054544448853, -0.06608780473470688
-0.09497267007827759, 1.4480746984481812, -0.0660313069820404
-0.09460582584142685, 1.4480119943618774, -0.06599874794483185
-0.09424271434545517, 1.4479697942733765, -0.06592655181884766
-0.09386835992336273, 1.4479173421859741, -0.06589571386575699
-0.09352439641952515, 1.447851538658142, -0.0658583715558052
-0.09322740882635117, 1.4473470449447632, -0.06619297713041306
-0.09287305921316147, 1.4472469091415405, -0.0661359503865242
-0.09251981973648071, 1.4471379518508911, -0.06609702855348587
-0.09219109266996384, 1.4470406770706177, -0.0660739466547966
-0.09179608523845673, 1.4469187259674072, -0.06602989137172699
-0.09148387610912323, 1.4468011856079102, -0.06599466502666473
-0.09113512188196182, 1.4466993808746338, -0.0659639909863472
-0.09078462421894073, 1.446630597114563, -0.06593386083841324
-0.09044899791479111, 1.4467322826385498, -0.06623595207929611
-0.09010491520166397, 1.4466872215270996, -0.06621173024177551
-0.08977268636226654, 1.4466359615325928, -0.06619049608707428
-0.08947008848190308, 1.446599006652832, -0.06616923213005066
-0.08915825188159943, 1.44655179977417, -0.06613413244485855
-0.08887500315904617, 1.4465177059173584, -0.06611472368240356
-0.08859238773584366, 1.4464753866195679, -0.06611048430204391
-0.0882742777466774, 1.4464704990386963, -0.06609103828668594
-0.0882238894701004, 1.4461666345596313, -0.06615137308835983
-0.08800794184207916, 1.4460885524749756, -0.06617565453052521
-0.08775338530540466, 1.4460704326629639, -0.06609572470188141
-0.08752715587615967, 1.4460161924362183, -0.06613288074731827
-0.08726240694522858, 1.4459478855133057, -0.0661209225654602
-0.08694665133953094, 1.4460090398788452, -0.06600388884544373
-0.08673714101314545, 1.4459304809570312, -0.06604937463998795
-0.08654119074344635, 1.4458354711532593, -0.0661257654428482
-0.08640630543231964, 1.4457348585128784, -0.06613008677959442
-0.08620846271514893, 1.4455480575561523, -0.06629644334316254
-0.08599478006362915, 1.4454199075698853, -0.06639549881219864
-0.08593370765447617, 1.4453037977218628, -0.06645487993955612
-0.08574768155813217, 1.4451512098312378, -0.06662400811910629
-0.08553784340620041, 1.4449291229248047, -0.06671970337629318
-0.0853666365146637, 1.44472074508667, -0.06686963886022568
-0.08513743430376053, 1.4444583654403687, -0.06702478229999542
-0.0849558413028717, 1.4441741704940796, -0.06714387983083725
-0.08493470400571823, 1.4438226222991943, -0.06753119826316833
-0.0847182646393776, 1.4435330629348755, -0.06766261905431747
-0.08452414721250534, 1.4432321786880493, -0.06772499531507492
-0.0843064934015274, 1.4428963661193848, -0.06779611855745316
-0.0840873196721077, 1.442508339881897, -0.0678347498178482
-0.08386605978012085, 1.4421132802963257, -0.06823048740625381
-0.08359827846288681, 1.4417965412139893, -0.06825271993875504
-0.08317434042692184, 1.441422700881958, -0.06831516325473785
-0.0829390436410904, 1.441166639328003, -0.06833317875862122
-0.08267445862293243, 1.4409706592559814, -0.06835643947124481
-0.08243878185749054, 1.4407932758331299, -0.06838627904653549
-0.08218559622764587, 1.4406640529632568, -0.06840276718139648
-0.08185665309429169, 1.4404826164245605, -0.06820089370012283
-0.08159051090478897, 1.4403058290481567, -0.06821611523628235
-0.08136312663555145, 1.4401990175247192, -0.06824832409620285
-0.08103256672620773, 1.4401044845581055, -0.06830193847417831
-0.08083610981702805, 1.4400097131729126, -0.0683397650718689
-0.08057139068841934, 1.4398962259292603, -0.06836962699890137
-0.08041244745254517, 1.4396843910217285, -0.0686015784740448
-0.0802154690027237, 1.4395469427108765, -0.06865108013153076
-0.08012554049491882, 1.439377784729004, -0.06910873204469681
-0.07996652275323868, 1.4391769170761108, -0.06923819333314896
-0.07980044186115265, 1.4389528036117554, -0.06934136897325516
-0.07977320998907089, 1.438909888267517, -0.06978382915258408
-0.07965514808893204, 1.4386968612670898, -0.06993856281042099
-0.07955846935510635, 1.4384870529174805, -0.0701017752289772
-0.07945320755243301, 1.4384169578552246, -0.07017144560813904
-0.07939770072698593, 1.4381519556045532, -0.07031422108411789
-0.07937732338905334, 1.4378842115402222, -0.07049036026000977
-0.07920703291893005, 1.437624454498291, -0.07036594301462173
-0.079204261302948, 1.4373544454574585, -0.07053039968013763
-0.07919015735387802, 1.4371000528335571, -0.07071004807949066
-0.0791088342666626, 1.4368661642074585, -0.07082533091306686
-0.07919053733348846, 1.4365817308425903, -0.07099370658397675
-0.07921644300222397, 1.4364469051361084, -0.07114402204751968
-0.07930325716733932, 1.436184048652649, -0.0712936520576477
-0.07938922941684723, 1.4359139204025269, -0.07150207459926605
-0.0794932097196579, 1.4356517791748047, -0.07170026004314423
-0.07960188388824463, 1.4354029893875122, -0.07188160717487335
-0.07978398352861404, 1.4351952075958252, -0.0720849260687828
-0.07995720207691193, 1.4349753856658936, -0.07232124358415604
-0.08011839538812637, 1.434795618057251, -0.07254063338041306
-0.08019983023405075, 1.4346362352371216, -0.07296024262905121
-0.08035366982221603, 1.4343760013580322, -0.0732216164469719
-0.08050291985273361, 1.4341117143630981, -0.07347968965768814
-0.08068825304508209, 1.4339238405227661, -0.07373034954071045
-0.08086508512496948, 1.433735966682434, -0.07399429380893707
-0.08103945106267929, 1.433554768562317, -0.07459381967782974
-0.08121690899133682, 1.4334561824798584, -0.07488904148340225
-0.08142545819282532, 1.4333428144454956, -0.07520169019699097
-0.08157125860452652, 1.433279037475586, -0.07548711448907852
-0.08174630999565125, 1.4331835508346558, -0.07578401267528534
-0.08194668591022491, 1.43309485912323, -0.07606452703475952
-0.0821475014090538, 1.4329909086227417, -0.07629990577697754
-0.0823216587305069, 1.432884931564331, -0.07652420550584793
-0.08260029554367065, 1.432576298713684, -0.07684136927127838
-0.08283933997154236, 1.4325412511825562, -0.07714580744504929
-0.08304985612630844, 1.4325615167617798, -0.07743830978870392
-0.0833573043346405, 1.4322625398635864, -0.07789646834135056
-0.08361055701971054, 1.4322915077209473, -0.07815102487802505
-0.08386696130037308, 1.4322655200958252, -0.07839328795671463
-0.08423084020614624, 1.4321304559707642, -0.07864036411046982
-0.08456001430749893, 1.4321256875991821, -0.07888887822628021
-0.08486921340227127, 1.4321244955062866, -0.07910507172346115
-0.08538244664669037, 1.4320173263549805, -0.07939931750297546
-0.08578675985336304, 1.4319499731063843, -0.07963228970766068
-0.0861515998840332, 1.4318652153015137, -0.0798112154006958
-0.08652151376008987, 1.431795597076416, -0.07999035716056824
-0.0868857279419899, 1.4317342042922974, -0.0801592767238617
-0.08744334429502487, 1.4314820766448975, -0.08042444288730621
-0.08777918666601181, 1.4313899278640747, -0.08056110143661499
-0.0880674198269844, 1.4311729669570923, -0.0807526558637619
-0.08842533081769943, 1.4310243129730225, -0.08081745356321335
-0.08876093477010727, 1.4308316707611084, -0.08091896027326584
-0.08911868184804916, 1.4306256771087646, -0.0810210257768631
-0.08943366259336472, 1.4304426908493042, -0.08110665529966354
-0.08978487551212311, 1.430323600769043, -0.08106493949890137
-0.0901169627904892, 1.4301064014434814, -0.08112198114395142
-0.09045471996068954, 1.429834246635437, -0.08120966702699661
-0.0908159464597702, 1.4296209812164307, -0.0810883492231369
-0.0911678820848465, 1.4292643070220947, -0.0811624601483345
-0.09154049307107925, 1.4288136959075928, -0.08121411502361298
-0.09185083210468292, 1.4283223152160645, -0.08136135339736938
-0.09217977523803711, 1.42762291431427, -0.08151879161596298
-0.0926084965467453, 1.4268324375152588, -0.08181918412446976
-0.09309020638465881, 1.425683856010437, -0.08206018805503845
-0.09355861693620682, 1.4243767261505127, -0.08223456144332886
-0.09396781772375107, 1.4230730533599854, -0.08232532441616058
-0.09433042258024216, 1.4213041067123413, -0.08227043598890305
-0.09473012387752533, 1.4191553592681885, -0.08222294598817825
-0.09519992023706436, 1.416935682296753, -0.08239119499921799
-0.09554698318243027, 1.4145270586013794, -0.08235478401184082
-0.09588827937841415, 1.4122257232666016, -0.08231397718191147
-0.09623216092586517, 1.409670352935791, -0.08209129422903061
-0.09657453000545502, 1.4072949886322021, -0.08166920393705368
-0.09683781117200851, 1.4052746295928955, -0.08132053166627884
-0.09682516008615494, 1.4040318727493286, -0.08125604689121246
-0.09705185890197754, 1.4025331735610962, -0.08093637228012085
-0.09724549204111099, 1.4012465476989746, -0.08072829991579056
-0.0975639745593071, 1.4000334739685059, -0.08056128770112991
-0.0978420153260231, 1.3988490104675293, -0.08032700419425964
-0.09807352721691132, 1.3980590105056763, -0.0804276168346405
-0.09842285513877869, 1.3971741199493408, -0.08009608089923859
-0.09878446161746979, 1.3966355323791504, -0.07981585711240768
-0.09908032417297363, 1.3963314294815063, -0.07960402220487595
-0.09942261874675751, 1.3961368799209595, -0.07950269430875778
-0.09971512854099274, 1.3956389427185059, -0.07931245118379593
-0.10006830841302872, 1.3954154253005981, -0.07916581630706787
-0.10039469599723816, 1.3947359323501587, -0.07883383333683014
-0.10072170197963715, 1.3945764303207397, -0.07858951389789581
-0.10102394968271255, 1.394500494003296, -0.07844624668359756
-0.10128697007894516, 1.39435613155365, -0.07839780300855637
-0.1016237735748291, 1.3942927122116089, -0.07831617444753647
-0.10193546116352081, 1.3942086696624756, -0.07818923890590668
-0.10226061940193176, 1.3941339254379272, -0.07806311547756195
-0.1025882139801979, 1.3940407037734985, -0.0779924988746643
-0.10285179316997528, 1.394031286239624, -0.07789650559425354
-0.1031627357006073, 1.3939255475997925, -0.07779479771852493
-0.1034729853272438, 1.3937915563583374, -0.07770497351884842
-0.10376469790935516, 1.3938032388687134, -0.07775714993476868
-0.10405076295137405, 1.393693447113037, -0.07770027220249176
-0.10435441136360168, 1.3935977220535278, -0.07765145599842072
-0.10466823726892471, 1.393537163734436, -0.07787875831127167
-0.10493113845586777, 1.393525242805481, -0.07785378396511078
-0.10525239259004593, 1.3935537338256836, -0.07786250114440918
-0.10558739304542542, 1.3935413360595703, -0.07813774049282074
-0.10591727495193481, 1.3935998678207397, -0.0781518965959549
-0.10624311119318008, 1.3936587572097778, -0.07816657423973083
-0.10663393139839172, 1.3938151597976685, -0.07841331511735916
-0.10696997493505478, 1.3938897848129272, -0.07846169173717499
-0.10742654651403427, 1.3940414190292358, -0.07865294814109802
-0.10778740048408508, 1.3941450119018555, -0.07872220128774643
-0.10816289484500885, 1.3942540884017944, -0.07879293709993362
-0.10852893441915512, 1.3942464590072632, -0.07893889397382736
-0.10889483988285065, 1.3942642211914062, -0.07902447134256363
-0.10922005027532578, 1.394263744354248, -0.07910577952861786
-0.1095556914806366, 1.3942080736160278, -0.07920321077108383
-0.10988989472389221, 1.394080400466919, -0.07931175082921982
-0.1102013885974884, 1.39402174949646, -0.07928028702735901
-0.11051342636346817, 1.3939638137817383, -0.07938775420188904
-0.11088096350431442, 1.3939129114151, -0.07964299619197845
-0.11122224479913712, 1.3938839435577393, -0.07982909679412842
-0.11158327758312225, 1.3938677310943604, -0.079996757209301
-0.11195539683103561, 1.3939019441604614, -0.08024423569440842
-0.11229366809129715, 1.3939341306686401, -0.08037140220403671
-0.11263730376958847, 1.393985629081726, -0.08055741339921951
-0.11293338984251022, 1.3940632343292236, -0.08072307705879211
-0.11321422457695007, 1.3940904140472412, -0.0808539018034935
-0.11351681500673294, 1.394066572189331, -0.08101605623960495
-0.11380952596664429, 1.3941195011138916, -0.08106494694948196
-0.11411648988723755, 1.3941679000854492, -0.0811019092798233
-0.11435957998037338, 1.3942210674285889, -0.08122915774583817
-0.11460831761360168, 1.3943521976470947, -0.08131510764360428
-0.11485189944505692, 1.3945095539093018, -0.08136656135320663
-0.11509132385253906, 1.3946768045425415, -0.08142271637916565
-0.11529537290334702, 1.394861102104187, -0.08146987110376358
-0.1155347153544426, 1.3950576782226562, -0.08158029615879059
-0.11577517539262772, 1.3953427076339722, -0.08161267638206482
-0.11595319211483002, 1.3955578804016113, -0.08166251331567764
-0.11611701548099518, 1.3957511186599731, -0.08174002915620804
-0.11644391715526581, 1.3958333730697632, -0.08189049363136292
-0.1165819838643074, 1.3960301876068115, -0.08197113126516342
-0.11679911613464355, 1.3961896896362305, -0.08218776434659958
-0.11692902445793152, 1.3963968753814697, -0.0823221206665039
-0.11701714992523193, 1.3966344594955444, -0.0824504941701889
-0.11719277501106262, 1.3969461917877197, -0.08268718421459198
-0.11722909659147263, 1.3971971273422241, -0.08276544511318207
-0.11723506450653076, 1.3975088596343994, -0.08281321823596954
-0.11726503074169159, 1.397754192352295, -0.08289732784032822
-0.11728374660015106, 1.3980046510696411, -0.08296109735965729
-0.11722184717655182, 1.3983196020126343, -0.0829872116446495
-0.11723114550113678, 1.3986324071884155, -0.08308438211679459
-0.11718559265136719, 1.3991097211837769, -0.0832410529255867
-0.11717978119850159, 1.3996124267578125, -0.08337356150150299
-0.1171642318367958, 1.4001432657241821, -0.08351175487041473
-0.11714313924312592, 1.4008697271347046, -0.08340830355882645
-0.11709707975387573, 1.40143883228302, -0.08354093879461288
-0.11704522371292114, 1.4019248485565186, -0.08368010818958282
-0.11698451638221741, 1.4024666547775269, -0.08376654237508774
-0.11694497615098953, 1.402991533279419, -0.08386489748954773
-0.11694523692131042, 1.4035600423812866, -0.08399730920791626
-0.11690168082714081, 1.4040488004684448, -0.0841156393289566
-0.11686165630817413, 1.404616117477417, -0.08428957313299179
-0.11670788377523422, 1.4050599336624146, -0.08451392501592636
-0.1166117861866951, 1.4054428339004517, -0.08455879241228104
-0.11647797375917435, 1.405846118927002, -0.08460056781768799
-0.1161380335688591, 1.4062620401382446, -0.08454009145498276
-0.11592245101928711, 1.4065134525299072, -0.08451629430055618
-0.11569932103157043, 1.406765341758728, -0.08456095308065414
-0.11550156772136688, 1.406980037689209, -0.08463013172149658
-0.11526865512132645, 1.407251238822937, -0.08471029996871948
-0.11501310765743256, 1.4074857234954834, -0.08473920822143555
-0.11476297676563263, 1.4076519012451172, -0.08460097759962082
-0.11450958251953125, 1.4078900814056396, -0.08462711423635483
-0.11423799395561218, 1.408159852027893, -0.08469392359256744
-0.11398214101791382, 1.4084304571151733, -0.08469246327877045
-0.1137746050953865, 1.4086993932724, -0.08468197286128998
-0.11351996660232544, 1.408948540687561, -0.08467541635036469
-0.1132730022072792, 1.4092217683792114, -0.0847412720322609
-0.11327400803565979, 1.4097334146499634, -0.08467314392328262
-0.11303272098302841, 1.4100532531738281, -0.08459191769361496
-0.11279300600290298, 1.4103515148162842, -0.0845453292131424
-0.11256488412618637, 1.410636305809021, -0.08454909175634384
-0.11234989017248154, 1.4108227491378784, -0.08444957435131073
-0.11206240952014923, 1.4110419750213623, -0.0843261182308197
-0.1118190810084343, 1.411194086074829, -0.08420205116271973
-0.11155568063259125, 1.4113682508468628, -0.08414452522993088
-0.11140222102403641, 1.4115856885910034, -0.08414749801158905
-0.11108069121837616, 1.4118335247039795, -0.08406271040439606
-0.11089086532592773, 1.4120683670043945, -0.0839574784040451
-0.1106233298778534, 1.4121809005737305, -0.08392402529716492
-0.11039794981479645, 1.412297248840332, -0.08383340388536453
-0.10998515039682388, 1.412426471710205, -0.0837007388472557
-0.10965430736541748, 1.412513256072998, -0.08368537575006485
-0.1093626469373703, 1.4126487970352173, -0.08355515450239182
-0.10904508829116821, 1.4126536846160889, -0.08326780050992966
-0.10877937823534012, 1.4127297401428223, -0.08319688588380814
-0.10842891037464142, 1.4127604961395264, -0.0830751433968544
-0.10808588564395905, 1.4127914905548096, -0.08262619376182556
-0.1077670305967331, 1.4127213954925537, -0.08252999931573868
-0.10748963803052902, 1.4127051830291748, -0.08247421681880951
-0.10715534538030624, 1.4127495288848877, -0.08236909657716751
-0.10689687728881836, 1.4128663539886475, -0.08232444524765015
-0.10658524930477142, 1.4129109382629395, -0.08233586698770523
-0.10647144913673401, 1.4129797220230103, -0.0821320191025734
-0.10621370375156403, 1.4130263328552246, -0.08202477544546127
-0.10614804923534393, 1.4130624532699585, -0.0818411111831665
-0.1058705672621727, 1.4131430387496948, -0.0818403959274292
-0.10558682680130005, 1.413184642791748, -0.0817551538348198
-0.10558014363050461, 1.4135314226150513, -0.08163712918758392
-0.10537560284137726, 1.413582682609558, -0.08158733695745468
-0.10510697215795517, 1.4137157201766968, -0.08158116787672043
-0.104879230260849, 1.4138691425323486, -0.08151242882013321
-0.10473659634590149, 1.4139991998672485, -0.08140982687473297
-0.10455542057752609, 1.414119005203247, -0.0813882052898407
-0.10440085828304291, 1.4142217636108398, -0.0813186764717102
-0.10394798219203949, 1.4144278764724731, -0.08107201009988785
-0.10379382967948914, 1.4145667552947998, -0.08104869723320007
-0.10359952598810196, 1.4147098064422607, -0.08106104284524918
-0.10318952053785324, 1.4148598909378052, -0.08072216808795929
-0.10303913056850433, 1.4148896932601929, -0.08068081736564636
-0.10287076979875565, 1.4150182008743286, -0.08069544285535812
-0.10266642272472382, 1.4150110483169556, -0.08064313232898712
-0.10248854011297226, 1.4149246215820312, -0.08058466762304306
-0.10221777856349945, 1.4147754907608032, -0.08063060790300369
-0.10202869027853012, 1.414685845375061, -0.08060768991708755
-0.10186116397380829, 1.4146411418914795, -0.08059407770633698
-0.10164076834917068, 1.414625644683838, -0.08065563440322876
-0.10144811123609543, 1.4146326780319214, -0.08067718148231506
-0.10132116079330444, 1.4146122932434082, -0.08066501468420029
-0.10116701573133469, 1.4146666526794434, -0.08061401546001434
-0.10104451328516006, 1.4146168231964111, -0.0805850699543953
-0.10094495117664337, 1.4146493673324585, -0.0805852934718132
-0.10082612931728363, 1.414750576019287, -0.08056887239217758
-0.10072669386863708, 1.4148633480072021, -0.08052916824817657
-0.10061454027891159, 1.414999008178711, -0.0805145725607872
-0.10045967251062393, 1.4152249097824097, -0.08046185225248337
-0.10036998242139816, 1.4153528213500977, -0.08043474704027176
-0.10032068192958832, 1.4154270887374878, -0.08040345460176468
-0.10025317221879959, 1.4155267477035522, -0.08036288619041443
-0.10017218440771103, 1.4156752824783325, -0.08030777424573898
-0.10020190477371216, 1.4157487154006958, -0.08014035224914551
-0.10016807168722153, 1.4158332347869873, -0.08006133139133453
-0.10018288344144821, 1.4158176183700562, -0.07994037121534348
-0.10013330727815628, 1.4158693552017212, -0.07982736080884933
-0.10010936111211777, 1.415895938873291, -0.07971206307411194
-0.10006411373615265, 1.4159324169158936, -0.07958786189556122
-0.1000349223613739, 1.4159657955169678, -0.07945307344198227
-0.09997586160898209, 1.4158884286880493, -0.07925605028867722
-0.09996537119150162, 1.4159239530563354, -0.07911166548728943
-0.09993380308151245, 1.4159554243087769, -0.07895343750715256
-0.09986928105354309, 1.4158470630645752, -0.07866129279136658
-0.09987863898277283, 1.4158844947814941, -0.07846057415008545
-0.09985516965389252, 1.4159200191497803, -0.07825484871864319
-0.09984108060598373, 1.4159878492355347, -0.07803647220134735
-0.09982681274414062, 1.4160646200180054, -0.07779238373041153
-0.09980818629264832, 1.4162371158599854, -0.07750892639160156
-0.09980559349060059, 1.4163352251052856, -0.07727781683206558
-0.09975410997867584, 1.416513442993164, -0.07703812420368195
-0.09981739521026611, 1.416691541671753, -0.07683068513870239
-0.0998225286602974, 1.4168009757995605, -0.07664138823747635
-0.09981638193130493, 1.4169692993164062, -0.07628099620342255
-0.09986814111471176, 1.4172205924987793, -0.07609406113624573
-0.09993427991867065, 1.4174203872680664, -0.07583995908498764
-0.09991414099931717, 1.4176223278045654, -0.07555632293224335
-0.09995494782924652, 1.4178786277770996, -0.07524643838405609
-0.09999577701091766, 1.4181857109069824, -0.07490348815917969
-0.0999826192855835, 1.4183835983276367, -0.07455088943243027
-0.10003076493740082, 1.4185352325439453, -0.07413635402917862
-0.10013335943222046, 1.4186606407165527, -0.0737752914428711
-0.1002373993396759, 1.4188170433044434, -0.07331620901823044
-0.10032954812049866, 1.4190994501113892, -0.07301166653633118
-0.10042056441307068, 1.419400930404663, -0.072644904255867
-0.10050620883703232, 1.4197194576263428, -0.07237539440393448
-0.10060694813728333, 1.420027732849121, -0.07211356610059738
-0.10067903250455856, 1.4203184843063354, -0.0717378631234169
-0.10080930590629578, 1.4205793142318726, -0.07139113545417786
-0.10088755935430527, 1.4208135604858398, -0.07111682742834091
-0.10102902352809906, 1.420781135559082, -0.07057932019233704
-0.10110931843519211, 1.4208500385284424, -0.07016853988170624
-0.10096406936645508, 1.4211033582687378, -0.06964094191789627
-0.10099153220653534, 1.4213286638259888, -0.06950400024652481
-0.10106292366981506, 1.4214942455291748, -0.06921090930700302
-0.101108118891716, 1.4216653108596802, -0.06891141086816788
-0.10124051570892334, 1.4218614101409912, -0.06879065185785294
-0.10123436152935028, 1.4223017692565918, -0.06849824637174606
-0.1013432964682579, 1.4224637746810913, -0.06831734627485275
-0.10144545137882233, 1.4226094484329224, -0.06820853054523468
-0.10156597197055817, 1.4226163625717163, -0.06800124794244766
-0.1016603633761406, 1.4228049516677856, -0.06787674129009247
-0.10181870311498642, 1.4227911233901978, -0.06778694689273834
-0.10209376364946365, 1.423072099685669, -0.0676022619009018
-0.10225367546081543, 1.423081874847412, -0.06754626333713531
-0.1024184599518776, 1.423036813735962, -0.06753380596637726
-0.10275441408157349, 1.4229453802108765, -0.06773900240659714
-0.10292147845029831, 1.4228848218917847, -0.06776024401187897
-0.10318464785814285, 1.4228779077529907, -0.06785714626312256
-0.10349513590335846, 1.4225622415542603, -0.06819099187850952
-0.10382909327745438, 1.4224165678024292, -0.06837031245231628
-0.10415475070476532, 1.4221503734588623, -0.06849868595600128
-0.10441995412111282, 1.422084927558899, -0.06866073608398438
-0.10467158257961273, 1.4219799041748047, -0.0688251182436943
-0.10492578148841858, 1.4219613075256348, -0.06917573511600494
-0.10518720746040344, 1.4219070672988892, -0.0694386214017868
-0.10544206947088242, 1.421895980834961, -0.06974264979362488
-0.10557382553815842, 1.4219555854797363, -0.06998256593942642
-0.1057894229888916, 1.4219064712524414, -0.07027033716440201
-0.10601674020290375, 1.421862006187439, -0.07039497792720795
-0.1062387153506279, 1.4218106269836426, -0.0706859678030014
-0.10642137378454208, 1.4217565059661865, -0.071009561419487
-0.10681068152189255, 1.4218045473098755, -0.07131265103816986
-0.10700725018978119, 1.4217599630355835, -0.07156429439783096
-0.10720798373222351, 1.4217242002487183, -0.07188352197408676
-0.10733725130558014, 1.4216660261154175, -0.0721806064248085
-0.1075148656964302, 1.4216041564941406, -0.07246334850788116
-0.10767235606908798, 1.4214565753936768, -0.07277950644493103
-0.1078610047698021, 1.421399474143982, -0.07308319211006165
-0.10787233710289001, 1.4212260246276855, -0.07328183203935623
-0.10806162655353546, 1.4211950302124023, -0.07358440011739731
-0.10826533287763596, 1.4211124181747437, -0.07391177117824554
-0.10840901732444763, 1.421043038368225, -0.07417275011539459
-0.10860003530979156, 1.4210834503173828, -0.07455869764089584
-0.10877839475870132, 1.4210485219955444, -0.07486777752637863
-0.10896774381399155, 1.420978307723999, -0.07514753192663193
-0.10920460522174835, 1.4209349155426025, -0.07550045102834702
-0.10937158763408661, 1.4209152460098267, -0.0757639929652214
-0.10954004526138306, 1.4208945035934448, -0.07609802484512329
-0.10978718101978302, 1.4209296703338623, -0.07646659016609192
-0.1099662333726883, 1.4208629131317139, -0.07672389596700668
-0.11013330519199371, 1.4208056926727295, -0.07709697633981705
-0.11034226417541504, 1.4206628799438477, -0.07733487337827682
-0.11057057231664658, 1.4205243587493896, -0.07762040942907333
-0.11078495532274246, 1.4203290939331055, -0.07786693423986435
-0.11098182946443558, 1.4201077222824097, -0.07810226827859879
-0.11101554334163666, 1.419963002204895, -0.07839293032884598
-0.11119183897972107, 1.4194903373718262, -0.07859162986278534
-0.11132709681987762, 1.4189540147781372, -0.07874457538127899
-0.11134114116430283, 1.4185054302215576, -0.07877466082572937
-0.11143413931131363, 1.4179251194000244, -0.07883603870868683
-0.11144813150167465, 1.4173741340637207, -0.07888463884592056
-0.11147774755954742, 1.4168686866760254, -0.07896504551172256
-0.11150500923395157, 1.4163844585418701, -0.07901369035243988
-0.11162299662828445, 1.4158802032470703, -0.07912401854991913
-0.11159234493970871, 1.4154584407806396, -0.07915110886096954
-0.11166408658027649, 1.4151790142059326, -0.07910016924142838
-0.11159412562847137, 1.414857029914856, -0.07914112508296967
-0.11154278367757797, 1.4145601987838745, -0.07911290228366852
-0.11149759590625763, 1.4145060777664185, -0.07915288954973221
-0.11139526963233948, 1.4142762422561646, -0.07922134548425674
-0.1112782210111618, 1.4140300750732422, -0.07924473285675049
-0.11118747293949127, 1.4137145280838013, -0.07925087213516235
-0.11099801957607269, 1.4136656522750854, -0.07937359809875488
-0.11078914999961853, 1.4136369228363037, -0.07951146364212036
-0.11055000126361847, 1.4135875701904297, -0.0796755775809288
-0.11027836054563522, 1.413601279258728, -0.07987029105424881
-0.11000598222017288, 1.4137678146362305, -0.08021904528141022
-0.10972606390714645, 1.414088249206543, -0.08057139068841934
-0.10938837379217148, 1.4143774509429932, -0.08091949671506882
-0.10908801108598709, 1.4145808219909668, -0.08129214495420456
-0.10864682495594025, 1.4148924350738525, -0.08161772787570953
-0.10819796472787857, 1.4153133630752563, -0.08197972178459167
-0.10764509439468384, 1.4158647060394287, -0.08240728080272675
-0.10712552815675735, 1.4163196086883545, -0.08282452821731567
-0.10648169368505478, 1.416763186454773, -0.08331006020307541
-0.10589828342199326, 1.4172178506851196, -0.08374936133623123
-0.10523619502782822, 1.4176002740859985, -0.08417566120624542
-0.10448821634054184, 1.4179425239562988, -0.08457064628601074
-0.10376831889152527, 1.4181997776031494, -0.08496086299419403
-0.10295096784830093, 1.418439507484436, -0.08537958562374115
-0.10224469006061554, 1.4186030626296997, -0.08584947139024734
-0.10140004009008408, 1.4187108278274536, -0.08629187196493149
-0.10074186325073242, 1.4187411069869995, -0.08691613376140594
-0.09980352967977524, 1.4188083410263062, -0.0873936340212822
-0.09885171055793762, 1.4187736511230469, -0.0878896564245224
-0.09808456897735596, 1.418677806854248, -0.08834116905927658
-0.09707152098417282, 1.4185007810592651, -0.0887196883559227
-0.09598005563020706, 1.418326735496521, -0.08910100162029266
-0.09487420320510864, 1.4181655645370483, -0.08943594992160797
-0.09374088793992996, 1.4180811643600464, -0.08987390995025635
-0.09278316050767899, 1.4180080890655518, -0.09027256071567535
-0.0915234163403511, 1.4180067777633667, -0.09064359962940216
-0.09028266370296478, 1.4181188344955444, -0.09094266593456268
-0.0890909805893898, 1.418288230895996, -0.09128868579864502
-0.0878477543592453, 1.4184916019439697, -0.09156280010938644
-0.086665578186512, 1.4186378717422485, -0.09164576977491379
-0.08541072905063629, 1.4188960790634155, -0.09183045476675034
-0.08419381082057953, 1.4191818237304688, -0.09196791052818298
-0.08295833319425583, 1.4194049835205078, -0.09195537865161896
-0.08174788951873779, 1.4197230339050293, -0.09203055500984192
-0.08059358596801758, 1.4200574159622192, -0.09205985069274902
-0.07943733036518097, 1.420425534248352, -0.09203969687223434
-0.07838223874568939, 1.4207165241241455, -0.09200764447450638
-0.07736372947692871, 1.4209202527999878, -0.09191928803920746
-0.07640903443098068, 1.4210668802261353, -0.09173913300037384
-0.07548287510871887, 1.421126127243042, -0.09145736694335938
-0.07459326088428497, 1.4212424755096436, -0.09111323952674866
-0.07376901060342789, 1.4213494062423706, -0.09077786654233932
-0.07298633456230164, 1.4214924573898315, -0.09045464545488358
-0.07207608968019485, 1.421607494354248, -0.09005101025104523
-0.07141702622175217, 1.4216843843460083, -0.08961429446935654
-0.07075583189725876, 1.4217939376831055, -0.08915164321660995
-0.0700223296880722, 1.4219890832901, -0.08876173198223114
-0.06942299008369446, 1.422086238861084, -0.08826018869876862
-0.06868574768304825, 1.4222301244735718, -0.08791664242744446
-0.06815377622842789, 1.4223589897155762, -0.0874674990773201
-0.0676669105887413, 1.4224754571914673, -0.0869738757610321
-0.06719081103801727, 1.4226349592208862, -0.08643776178359985
-0.06674648821353912, 1.4227713346481323, -0.08592264354228973
-0.0661039650440216, 1.4229483604431152, -0.08556801825761795
-0.06570405513048172, 1.4230682849884033, -0.08507119864225388
-0.06533485651016235, 1.4231798648834229, -0.08452348411083221
-0.06502722948789597, 1.4233649969100952, -0.08400768786668777
-0.06469057500362396, 1.4235213994979858, -0.08353539556264877
-0.06460865586996078, 1.423673152923584, -0.08338157087564468
-0.06432748585939407, 1.4237858057022095, -0.0829421803355217
-0.06409940123558044, 1.4239217042922974, -0.08261150121688843
-0.0639507994055748, 1.4238876104354858, -0.08227983862161636
-0.06376101076602936, 1.4238768815994263, -0.08188525587320328
-0.06366059184074402, 1.4238039255142212, -0.08144526928663254
-0.06357475370168686, 1.423632264137268, -0.08084625750780106
-0.0635070726275444, 1.4235683679580688, -0.08045164495706558
-0.0633983388543129, 1.4235378503799438, -0.08010033518075943
-0.06346805393695831, 1.4234004020690918, -0.0795384868979454
-0.06345280259847641, 1.4233442544937134, -0.07925127446651459
-0.06346399337053299, 1.4231698513031006, -0.07897135615348816
-0.06355222314596176, 1.4228488206863403, -0.07871653139591217
-0.06346403062343597, 1.422573447227478, -0.0783301368355751
-0.0637909471988678, 1.4216313362121582, -0.07783480733633041
-0.06390327960252762, 1.4209426641464233, -0.07751332223415375
-0.06406278908252716, 1.4203639030456543, -0.07721059024333954
-0.06423509120941162, 1.4200334548950195, -0.07699216902256012
-0.06441190093755722, 1.4200046062469482, -0.07677248865365982
-0.06457678228616714, 1.4203547239303589, -0.07671604305505753
-0.06475473940372467, 1.421007752418518, -0.0766463503241539
-0.0649917721748352, 1.4216468334197998, -0.07679231464862823
-0.06510626524686813, 1.422088384628296, -0.0769265815615654
-0.06527552008628845, 1.4224879741668701, -0.07705101370811462
-0.06548096984624863, 1.4228160381317139, -0.07722404599189758
-0.06556855887174606, 1.4230780601501465, -0.07736966758966446
-0.06575740873813629, 1.423369288444519, -0.07757735997438431
-0.0658765658736229, 1.4236451387405396, -0.07773886620998383
-0.06603135168552399, 1.42388117313385, -0.07800295948982239
-0.06614307314157486, 1.4240037202835083, -0.07825996726751328
-0.06618518382310867, 1.424033284187317, -0.07849761098623276
-0.06623970717191696, 1.4239434003829956, -0.07869624346494675
-0.06628391146659851, 1.4236183166503906, -0.079058438539505
-0.06629099696874619, 1.4235508441925049, -0.079287089407444
-0.0662328228354454, 1.4234554767608643, -0.0794830471277237
-0.06630545854568481, 1.4235280752182007, -0.0797395184636116
-0.06625717133283615, 1.4233635663986206, -0.07989726215600967
-0.0661880373954773, 1.4231868982315063, -0.0800543874502182
-0.06627421826124191, 1.4228096008300781, -0.08033140748739243
-0.06619448959827423, 1.422620177268982, -0.08050691336393356
-0.0661834329366684, 1.4224286079406738, -0.08066200464963913
-0.0661078542470932, 1.4222493171691895, -0.08079997450113297
-0.06606774032115936, 1.422107219696045, -0.08093402534723282
-0.06602627038955688, 1.4219295978546143, -0.08103298395872116
-0.0662553459405899, 1.4217089414596558, -0.08098507672548294
-0.06626275926828384, 1.4215337038040161, -0.08106406778097153
-0.06643146276473999, 1.4214280843734741, -0.0810544490814209
-0.06647657603025436, 1.4213306903839111, -0.08116009086370468
-0.06650827080011368, 1.4212995767593384, -0.08126097172498703
-0.06655225157737732, 1.421381950378418, -0.08146540820598602
-0.0666121244430542, 1.4214050769805908, -0.08160261064767838
-0.06668241322040558, 1.4214439392089844, -0.08172198385000229
-0.06680628657341003, 1.4215757846832275, -0.08192461729049683
-0.06693770736455917, 1.4215691089630127, -0.08204371482133865
-0.06710762530565262, 1.4215679168701172, -0.0820455402135849
-0.06729422509670258, 1.421485424041748, -0.08213043957948685
-0.06750080734491348, 1.4213039875030518, -0.08217784017324448
-0.06773075461387634, 1.4210424423217773, -0.08218564093112946
-0.06804746389389038, 1.4205323457717896, -0.08204662054777145
-0.06833038479089737, 1.4201695919036865, -0.08203847706317902
-0.06860442459583282, 1.4198346138000488, -0.08198580890893936
-0.06896255165338516, 1.4194433689117432, -0.08195766061544418
-0.06932161748409271, 1.4191361665725708, -0.08194982260465622
-0.06978584080934525, 1.4187997579574585, -0.08188917487859726
-0.07023107260465622, 1.4184520244598389, -0.08180622011423111
-0.07074130326509476, 1.4180883169174194, -0.08164919167757034
-0.07127786427736282, 1.4178335666656494, -0.08160456269979477
-0.07183747738599777, 1.4176664352416992, -0.08159878849983215
-0.0724385604262352, 1.4176154136657715, -0.08159415423870087
-0.07305827736854553, 1.4176311492919922, -0.08160346746444702
-0.0735412985086441, 1.4176440238952637, -0.08169389516115189
-0.07419547438621521, 1.417671799659729, -0.0817137211561203
-0.07489878684282303, 1.4176689386367798, -0.08174296468496323
-0.07538934051990509, 1.417547583580017, -0.08182621747255325
-0.07607948035001755, 1.4175136089324951, -0.08180094510316849
-0.07681874930858612, 1.417529821395874, -0.08184003084897995
-0.07751188427209854, 1.4176390171051025, -0.08188268542289734
-0.07819788157939911, 1.417626142501831, -0.08185432851314545
-0.0789417028427124, 1.4177366495132446, -0.08186222612857819
-0.07963258773088455, 1.4177721738815308, -0.08185119181871414
-0.08031962811946869, 1.4178367853164673, -0.08183186501264572
-0.08098094910383224, 1.417885661125183, -0.08181645721197128
-0.08162718266248703, 1.4178378582000732, -0.08176781982183456
-0.08221957087516785, 1.417777419090271, -0.08165448158979416
-0.08289481699466705, 1.4178075790405273, -0.08169648051261902
-0.08343425393104553, 1.4179089069366455, -0.08170688897371292
-0.08389118313789368, 1.418001651763916, -0.0815691277384758
-0.08438555151224136, 1.4179989099502563, -0.08154794573783875
-0.08491993695497513, 1.4179954528808594, -0.08152363449335098
-0.08538877218961716, 1.4179672002792358, -0.08145136386156082
-0.08584984391927719, 1.4179686307907104, -0.08140646666288376
-0.08633837848901749, 1.4180063009262085, -0.08145149797201157
-0.08675461262464523, 1.4180240631103516, -0.08143261075019836
-0.087222158908844, 1.418078064918518, -0.08139804750680923
-0.08760779350996017, 1.4181060791015625, -0.0814066007733345
-0.08799121528863907, 1.418147087097168, -0.08140997588634491
-0.08845289051532745, 1.4181333780288696, -0.08146227151155472
-0.088814876973629, 1.4181885719299316, -0.08143883943557739
-0.08914080262184143, 1.418172001838684, -0.08143700659275055
-0.0895240530371666, 1.4181734323501587, -0.0815015584230423
-0.08980723470449448, 1.4182184934616089, -0.08146786689758301
-0.09009335190057755, 1.4182525873184204, -0.08141424506902695
-0.09049057215452194, 1.4182523488998413, -0.08144095540046692
-0.09078115969896317, 1.4182485342025757, -0.08140109479427338
-0.09107404202222824, 1.4182485342025757, -0.08132840692996979
-0.09133774787187576, 1.4182226657867432, -0.08123371005058289
-0.09162424504756927, 1.418211817741394, -0.08113910257816315
-0.09193074703216553, 1.4182416200637817, -0.081085205078125
-0.09228699654340744, 1.4183293581008911, -0.08115751296281815
-0.09262841194868088, 1.4184638261795044, -0.08115409314632416
-0.0928318127989769, 1.418575406074524, -0.08116911351680756
-0.09317990392446518, 1.418725848197937, -0.08115416020154953
-0.09352627396583557, 1.4188536405563354, -0.08114966750144958
-0.09382175654172897, 1.4188660383224487, -0.08113770931959152
-0.09418341517448425, 1.418885350227356, -0.08111286163330078
-0.09454318135976791, 1.4189558029174805, -0.08107054233551025
-0.09500186145305634, 1.4189263582229614, -0.0809895321726799
-0.09537012875080109, 1.4189646244049072, -0.08092616498470306
-0.0958954468369484, 1.418920874595642, -0.08080822229385376
-0.09629019349813461, 1.419006109237671, -0.08072439581155777
-0.09666495770215988, 1.41910719871521, -0.08066516369581223
-0.09712094813585281, 1.41916823387146, -0.0805884525179863
-0.09750179946422577, 1.419238567352295, -0.08044973015785217
-0.09784103184938431, 1.4193618297576904, -0.08026210218667984
-0.09824234247207642, 1.4194746017456055, -0.0801103413105011
-0.09865117818117142, 1.419602870941162, -0.0799262747168541
-0.09908652305603027, 1.4197442531585693, -0.07975887507200241
-0.09954794496297836, 1.4199192523956299, -0.07958751916885376
-0.10005038976669312, 1.4201713800430298, -0.07941927015781403
-0.10052148997783661, 1.420339584350586, -0.07918128371238708
-0.10103917866945267, 1.4205607175827026, -0.07898170500993729
-0.10156556963920593, 1.420764446258545, -0.07876627892255783
-0.10211732238531113, 1.420983910560608, -0.07854369282722473
-0.10266400128602982, 1.4211554527282715, -0.07831917703151703
-0.10345380753278732, 1.4212902784347534, -0.07834238559007645
-0.1040855199098587, 1.4215195178985596, -0.0781831443309784
-0.10468325018882751, 1.421763300895691, -0.07801678031682968
-0.10533516854047775, 1.4219950437545776, -0.07786691933870316
-0.10597909241914749, 1.4222688674926758, -0.07778896391391754
-0.10662470012903214, 1.4224967956542969, -0.07768869400024414
-0.10721529275178909, 1.4228034019470215, -0.07772291451692581
-0.10790642350912094, 1.4229590892791748, -0.07762008160352707
-0.10858725756406784, 1.4230679273605347, -0.07750765234231949
-0.10895330458879471, 1.4232257604599, -0.0772733986377716
-0.1095857173204422, 1.4233237504959106, -0.07713760435581207
-0.11026611179113388, 1.423453688621521, -0.07699573785066605
-0.11086281388998032, 1.4236034154891968, -0.07682985812425613
-0.11150014400482178, 1.4236843585968018, -0.07668045163154602
-0.11212430149316788, 1.4237523078918457, -0.0765100046992302
-0.11267904937267303, 1.4238125085830688, -0.07633354514837265
-0.1131233498454094, 1.4237724542617798, -0.07627872377634048
-0.11364118754863739, 1.4238550662994385, -0.07608311623334885
-0.11416502296924591, 1.4239659309387207, -0.07585189491510391
-0.11468757688999176, 1.424095869064331, -0.07564348727464676
-0.11514760553836823, 1.4242609739303589, -0.07548297196626663
-0.1155763790011406, 1.4243676662445068, -0.07536446303129196
-0.11602247506380081, 1.424524188041687, -0.07518314570188522
-0.1164589673280716, 1.4246978759765625, -0.07498740404844284
-0.11688309162855148, 1.4248955249786377, -0.07484930008649826
-0.11726579070091248, 1.4250621795654297, -0.07465767115354538
-0.117695651948452, 1.4252212047576904, -0.07451707869768143
-0.11800196021795273, 1.4253854751586914, -0.0743204802274704
-0.11832325160503387, 1.425524353981018, -0.07410843670368195
-0.11860528588294983, 1.4256839752197266, -0.07388784736394882
-0.11886221915483475, 1.425855278968811, -0.07368689030408859
-0.11911549419164658, 1.4260156154632568, -0.07349422574043274
-0.11934280395507812, 1.4261631965637207, -0.0732928141951561
-0.11958587914705276, 1.4262747764587402, -0.0730791762471199
-0.11979111284017563, 1.4263405799865723, -0.07287774235010147
-0.12006351351737976, 1.4263701438903809, -0.0727955773472786
-0.12029387801885605, 1.4264503717422485, -0.07259707152843475
-0.12049492448568344, 1.4264750480651855, -0.07235997915267944
-0.12062180787324905, 1.4264401197433472, -0.07205169647932053
-0.12084157019853592, 1.4263972043991089, -0.07179722189903259
-0.12092241644859314, 1.4264966249465942, -0.07142096012830734
-0.12113038450479507, 1.4264743328094482, -0.07116749882698059
-0.12133335322141647, 1.4264514446258545, -0.07089509069919586
-0.12156075984239578, 1.426389455795288, -0.07063516229391098
-0.12180248647928238, 1.4263769388198853, -0.07032585889101028
-0.12201397120952606, 1.426364541053772, -0.07002389430999756
-0.12230977416038513, 1.4265154600143433, -0.06971010565757751
-0.12256646901369095, 1.426560640335083, -0.06940623372793198
-0.12312473356723785, 1.4265599250793457, -0.06904851645231247
-0.12341106683015823, 1.4265738725662231, -0.06869865208864212
-0.12366560101509094, 1.4266331195831299, -0.06833367049694061
-0.12398050725460052, 1.4267284870147705, -0.06800578534603119
-0.1242440789937973, 1.4268779754638672, -0.06761495023965836
-0.12455777823925018, 1.4269927740097046, -0.06724633276462555
-0.12486166507005692, 1.4271762371063232, -0.06690578162670135
-0.12516489624977112, 1.4273130893707275, -0.06652257591485977
-0.1254500299692154, 1.4274426698684692, -0.06614536792039871
-0.12576338648796082, 1.4275530576705933, -0.06578361988067627
-0.12636883556842804, 1.4274626970291138, -0.06553889811038971
-0.1266442835330963, 1.4275791645050049, -0.06512470543384552
-0.12694136798381805, 1.4276752471923828, -0.06476256996393204
-0.12729153037071228, 1.427621603012085, -0.06453350931406021
-0.1275857836008072, 1.4277467727661133, -0.06415656954050064
-0.12785208225250244, 1.4278509616851807, -0.06382406502962112
-0.12818968296051025, 1.4278671741485596, -0.06361915171146393
-0.12847638130187988, 1.4279460906982422, -0.06330005824565887
-0.12873654067516327, 1.428015947341919, -0.06297231465578079
-0.1289380043745041, 1.4280070066452026, -0.06280996650457382
-0.12917092442512512, 1.4280390739440918, -0.06252159178256989
-0.12940973043441772, 1.4280821084976196, -0.06225002184510231
-0.12955918908119202, 1.4281971454620361, -0.06212986633181572
-0.12978999316692352, 1.4282660484313965, -0.06191157549619675
-0.13001294434070587, 1.428304672241211, -0.06173136830329895
-0.1302339881658554, 1.4283947944641113, -0.061539873480796814
-0.1304294317960739, 1.4284344911575317, -0.06137268617749214
-0.1306939274072647, 1.4284918308258057, -0.061237167567014694
-0.1309310495853424, 1.4285355806350708, -0.06110925227403641
-0.1311763972043991, 1.4285783767700195, -0.06100890412926674
-0.13148559629917145, 1.428512454032898, -0.06100091338157654
-0.13173823058605194, 1.4285717010498047, -0.06094782054424286
-0.13223649561405182, 1.4286201000213623, -0.06111383065581322
-0.1324891597032547, 1.4286948442459106, -0.061101533472537994
-0.13271066546440125, 1.4287840127944946, -0.061134181916713715
-0.1329352706670761, 1.4288928508758545, -0.06117396429181099
-0.13314160704612732, 1.4289586544036865, -0.061217572540044785
-0.13336092233657837, 1.4290764331817627, -0.061263032257556915
-0.13352376222610474, 1.4291601181030273, -0.06133339926600456
-0.13368502259254456, 1.4292510747909546, -0.061407122761011124
-0.13377512991428375, 1.4295892715454102, -0.0615248866379261
-0.13388417661190033, 1.4297118186950684, -0.06162778288125992
-0.13397647440433502, 1.4298450946807861, -0.061750371009111404
-0.1340659260749817, 1.429958701133728, -0.061883531510829926
-0.1341267079114914, 1.430084228515625, -0.06206372007727623
-0.13415691256523132, 1.430215835571289, -0.06226235255599022
-0.13415126502513885, 1.4303661584854126, -0.0624953992664814
-0.1340072751045227, 1.4305682182312012, -0.06290490925312042
-0.1339351385831833, 1.4306612014770508, -0.06322038918733597
-0.13385441899299622, 1.4307715892791748, -0.06354379653930664
-0.1337626427412033, 1.4307968616485596, -0.06387808918952942
-0.13372166454792023, 1.4310835599899292, -0.06423522531986237
-0.13360612094402313, 1.4311065673828125, -0.06461338698863983
-0.1334345042705536, 1.43113374710083, -0.06501208245754242
-0.1335684061050415, 1.4312241077423096, -0.065396249294281
-0.13339270651340485, 1.4312423467636108, -0.06582339107990265
-0.1331760585308075, 1.431060552597046, -0.06614922732114792
-0.132938951253891, 1.4310688972473145, -0.06659235060214996
-0.13274316489696503, 1.4310574531555176, -0.06704036146402359
-0.13265621662139893, 1.4310142993927002, -0.06745985150337219
-0.13242311775684357, 1.431044340133667, -0.0679229348897934
-0.1322203427553177, 1.431063175201416, -0.06840347498655319
-0.13224497437477112, 1.4311237335205078, -0.06900443881750107
-0.13203421235084534, 1.4311912059783936, -0.06947698444128036
-0.13199485838413239, 1.4312196969985962, -0.07021817564964294
-0.13179628551006317, 1.4313149452209473, -0.07074245065450668
-0.13164743781089783, 1.4314137697219849, -0.07126893848180771
-0.1316630244255066, 1.4314831495285034, -0.0717482641339302
-0.1315373331308365, 1.4315539598464966, -0.07228011637926102
-0.1314128339290619, 1.4314618110656738, -0.07264945656061172
