-0.02905748412013054, 1.7851998805999756, -0.42941030859947205
-0.02861390821635723, 1.7851682901382446, -0.4289698004722595
-0.02815214917063713, 1.7851130962371826, -0.4285091459751129
-0.027087390422821045, 1.785091519355774, -0.4275846481323242
-0.02647486887872219, 1.7851781845092773, -0.42719897627830505
-0.02589515596628189, 1.7852290868759155, -0.4267131984233856
-0.025229334831237793, 1.7852691411972046, -0.4261866807937622
-0.024583810940384865, 1.7853485345840454, -0.42570585012435913
-0.023896213620901108, 1.7853083610534668, -0.42514124512672424
-0.023204827681183815, 1.7853180170059204, -0.42470216751098633
-0.022452324628829956, 1.7854570150375366, -0.4241182506084442
-0.021657753735780716, 1.7855173349380493, -0.4234749376773834
-0.020813334733247757, 1.7853598594665527, -0.4229445457458496
-0.02005135826766491, 1.7853869199752808, -0.42213135957717896
-0.01929824985563755, 1.7855454683303833, -0.4215260148048401
-0.018551845103502274, 1.7856806516647339, -0.420624703168869
-0.017768291756510735, 1.7858895063400269, -0.4197492003440857
-0.016991402953863144, 1.786287784576416, -0.41891470551490784
-0.016317347064614296, 1.786714792251587, -0.41796058416366577
-0.01577387936413288, 1.7873865365982056, -0.4170812964439392
-0.015217149630188942, 1.7878327369689941, -0.41599738597869873
-0.014816929586231709, 1.7881665229797363, -0.41485702991485596
-0.01458843145519495, 1.7886357307434082, -0.4138144850730896
-0.014357608743011951, 1.7892882823944092, -0.41278648376464844
-0.014148524962365627, 1.7898669242858887, -0.41196930408477783
-0.014056541956961155, 1.790630578994751, -0.4111054837703705
-0.01422702707350254, 1.7911734580993652, -0.4102480411529541
-0.014392917975783348, 1.7916975021362305, -0.4096405506134033
-0.014820818789303303, 1.7922569513320923, -0.408949077129364
-0.015413136221468449, 1.7927427291870117, -0.4083682894706726
-0.016158869490027428, 1.793027400970459, -0.40776029229164124
-0.017021331936120987, 1.793166160583496, -0.4071873426437378
-0.018068509176373482, 1.7932161092758179, -0.4066094756126404
-0.01931045576930046, 1.7933244705200195, -0.4061562120914459
-0.02065134234726429, 1.7934004068374634, -0.40575042366981506
-0.022196928039193153, 1.7933921813964844, -0.40534746646881104
-0.02383888140320778, 1.7932069301605225, -0.40506085753440857
-0.025658881291747093, 1.7931690216064453, -0.40474051237106323
-0.027584966272115707, 1.7929956912994385, -0.40455371141433716
-0.0297410786151886, 1.7929117679595947, -0.4043165147304535
-0.03199741244316101, 1.7927840948104858, -0.4040699303150177
-0.03439951688051224, 1.792715072631836, -0.404031366109848
-0.0369829498231411, 1.7925467491149902, -0.40384483337402344
-0.039550866931676865, 1.7924686670303345, -0.40379682183265686
-0.04237166792154312, 1.7922842502593994, -0.4036381244659424
-0.04534067213535309, 1.792164921760559, -0.4035415053367615
-0.048402003943920135, 1.7920647859573364, -0.4033985435962677
-0.05163549259305, 1.791974425315857, -0.4032728970050812
-0.05506936088204384, 1.791982650756836, -0.40307891368865967
-0.058561429381370544, 1.7918893098831177, -0.4029538333415985
-0.06216217949986458, 1.7918181419372559, -0.4028245508670807
-0.06592407077550888, 1.7918061017990112, -0.4026661515235901
-0.06977769732475281, 1.791764497756958, -0.4026015102863312
-0.07377856969833374, 1.7917170524597168, -0.4025270640850067
-0.07768089324235916, 1.7916454076766968, -0.4023531675338745
-0.08178707212209702, 1.7915337085723877, -0.4023229479789734
-0.08586008846759796, 1.7913748025894165, -0.40231049060821533
-0.09006840735673904, 1.7912192344665527, -0.4023159146308899
-0.0942923054099083, 1.7910348176956177, -0.4022873044013977
-0.09846469014883041, 1.7908298969268799, -0.402378648519516
-0.10284289717674255, 1.7905644178390503, -0.4024364948272705
-0.10704658925533295, 1.790262222290039, -0.4025764763355255
-0.11151512712240219, 1.7899514436721802, -0.40267544984817505
-0.11599279195070267, 1.7896333932876587, -0.4028390049934387
-0.1204046756029129, 1.789261817932129, -0.4029809534549713
-0.12480133026838303, 1.7889578342437744, -0.4031689167022705
-0.12927235662937164, 1.7885727882385254, -0.403331995010376
-0.1337226927280426, 1.7881605625152588, -0.40346062183380127
-0.13790693879127502, 1.7878243923187256, -0.4036245346069336
-0.14220030605793, 1.7873966693878174, -0.4036744236946106
-0.14625784754753113, 1.7871443033218384, -0.4040035903453827
-0.1504139006137848, 1.786973476409912, -0.40408721566200256
-0.1545090228319168, 1.7867558002471924, -0.404194176197052
-0.1583343744277954, 1.7865197658538818, -0.4045087397098541
-0.16225987672805786, 1.7864351272583008, -0.4045754671096802
-0.1658702939748764, 1.786318302154541, -0.4047718346118927
-0.16951414942741394, 1.786227822303772, -0.4048062860965729
-0.1730526238679886, 1.7861536741256714, -0.4048670828342438
-0.17635759711265564, 1.7861360311508179, -0.4050348401069641
-0.17969846725463867, 1.786072015762329, -0.40506207942962646
-0.18276779353618622, 1.785893201828003, -0.4052469730377197
-0.18586567044258118, 1.7858049869537354, -0.40523549914360046
-0.18890617787837982, 1.785818338394165, -0.40530914068222046
-0.19181141257286072, 1.785717487335205, -0.40550127625465393
-0.19463133811950684, 1.7857909202575684, -0.4055878520011902
-0.1973138302564621, 1.7857953310012817, -0.40565910935401917
-0.19994477927684784, 1.7855929136276245, -0.40589138865470886
-0.20240020751953125, 1.785547137260437, -0.4059979021549225
-0.20489826798439026, 1.7853739261627197, -0.4063301682472229
-0.20712809264659882, 1.7853204011917114, -0.40637239813804626
-0.20929887890815735, 1.7853007316589355, -0.4064473807811737
-0.21159999072551727, 1.7853024005889893, -0.4065370559692383
-0.21355785429477692, 1.7852225303649902, -0.4065954089164734
-0.2157689332962036, 1.7851736545562744, -0.4065922200679779
-0.21757835149765015, 1.7851041555404663, -0.4066477417945862
-0.21929751336574554, 1.7850772142410278, -0.40667858719825745
-0.2212836742401123, 1.7849384546279907, -0.4067556858062744
-0.2228810042142868, 1.784854531288147, -0.4067496359348297
-0.22440297901630402, 1.7848637104034424, -0.40679818391799927
-0.2258719801902771, 1.7849054336547852, -0.40684592723846436
-0.2274688333272934, 1.784816861152649, -0.40694740414619446
-0.22877924144268036, 1.784715175628662, -0.40695977210998535
-0.23018227517604828, 1.7846848964691162, -0.4068892300128937
-0.23142747581005096, 1.7847758531570435, -0.4069177508354187
-0.23262004554271698, 1.78484046459198, -0.40690377354621887
-0.23390386998653412, 1.784877896308899, -0.406894713640213
-0.23493723571300507, 1.7848844528198242, -0.40688905119895935
-0.23612360656261444, 1.7850265502929688, -0.40702566504478455
-0.23712632060050964, 1.785115361213684, -0.40704163908958435
-0.2380315065383911, 1.785143256187439, -0.4070192575454712
-0.23920616507530212, 1.785178780555725, -0.4071083068847656
-0.24003492295742035, 1.7851366996765137, -0.40710335969924927
-0.2410811483860016, 1.7850933074951172, -0.407094806432724
-0.24185290932655334, 1.785062313079834, -0.40708646178245544
-0.24256156384944916, 1.785012125968933, -0.4070888161659241
-0.24340523779392242, 1.7849599123001099, -0.40728452801704407
-0.24407383799552917, 1.7849388122558594, -0.40735000371932983
-0.24466572701931, 1.7849267721176147, -0.40742722153663635
-0.24531137943267822, 1.784848690032959, -0.4076096713542938
-0.24581855535507202, 1.784781813621521, -0.4076904356479645
-0.24643297493457794, 1.7846510410308838, -0.4077301323413849
-0.2467954456806183, 1.7845802307128906, -0.40778082609176636
-0.24707934260368347, 1.78452730178833, -0.40783873200416565
-0.24748291075229645, 1.7845425605773926, -0.4079155921936035
-0.24774347245693207, 1.7845183610916138, -0.4080035090446472
-0.2480037659406662, 1.784501552581787, -0.4080623388290405
-0.24831125140190125, 1.7844699621200562, -0.40810924768447876
-0.2483714520931244, 1.7844815254211426, -0.40815281867980957
-0.24849970638751984, 1.7845357656478882, -0.40824559330940247
-0.2484462857246399, 1.7845631837844849, -0.4082779884338379
-0.2482951283454895, 1.7846461534500122, -0.40832507610321045
-0.2480992078781128, 1.7846964597702026, -0.40836721658706665
-0.24797014892101288, 1.78474760055542, -0.4084450900554657
-0.24768570065498352, 1.7848031520843506, -0.40850991010665894
-0.24715042114257812, 1.7847487926483154, -0.40863457322120667
-0.24674227833747864, 1.7848150730133057, -0.40873822569847107
-0.2462853640317917, 1.7848726511001587, -0.40884143114089966
-0.24597254395484924, 1.7848032712936401, -0.4088829755783081
-0.2453920841217041, 1.7848113775253296, -0.4090341627597809
-0.24492403864860535, 1.7847535610198975, -0.40917932987213135
-0.24422220885753632, 1.7847496271133423, -0.4093286991119385
-0.2435203343629837, 1.7846986055374146, -0.4094545245170593
-0.2427663505077362, 1.7846934795379639, -0.40957745909690857
-0.24195119738578796, 1.7846494913101196, -0.40975406765937805
-0.24114343523979187, 1.784507393836975, -0.4097737967967987
-0.24021010100841522, 1.7844196557998657, -0.4099388122558594
-0.23920299112796783, 1.7843364477157593, -0.410080224275589
-0.2382143884897232, 1.7840790748596191, -0.4101639986038208
-0.2371080070734024, 1.7839008569717407, -0.41030582785606384
-0.23596012592315674, 1.7837550640106201, -0.4104369282722473
-0.23474115133285522, 1.783480167388916, -0.41067570447921753
-0.23348288238048553, 1.7832815647125244, -0.41079986095428467
-0.23225709795951843, 1.7830570936203003, -0.4109991788864136
-0.23092912137508392, 1.7828302383422852, -0.41114717721939087
-0.22954876720905304, 1.7825953960418701, -0.411273330450058
-0.22845260798931122, 1.782354712486267, -0.4114438593387604
-0.2269858568906784, 1.78217351436615, -0.4115777313709259
-0.22576336562633514, 1.7819675207138062, -0.4117151200771332
-0.2243579477071762, 1.7818357944488525, -0.41188347339630127
-0.22294695675373077, 1.7817281484603882, -0.4120873808860779
-0.2215455025434494, 1.781576156616211, -0.41215312480926514
-0.2201373130083084, 1.7815015316009521, -0.4123298227787018
-0.2187345027923584, 1.7814617156982422, -0.4125016927719116
-0.2173546999692917, 1.7814249992370605, -0.41266748309135437
-0.2159888744354248, 1.7813366651535034, -0.412759929895401
-0.2146419733762741, 1.781297206878662, -0.41288918256759644
-0.21339891850948334, 1.7812153100967407, -0.4129597544670105
-0.21206869184970856, 1.7812225818634033, -0.41307008266448975
-0.2107674777507782, 1.7812305688858032, -0.4131748676300049
-0.20971836149692535, 1.7812048196792603, -0.4132496416568756
-0.20848174393177032, 1.7812330722808838, -0.41335010528564453
-0.20743805170059204, 1.7811914682388306, -0.4134915769100189
-0.20625343918800354, 1.7812895774841309, -0.41361674666404724
-0.20509633421897888, 1.7813475131988525, -0.4136817157268524
-0.20418499410152435, 1.7813427448272705, -0.41378253698349
-0.20306402444839478, 1.7813628911972046, -0.4138525724411011
-0.2021409124135971, 1.781365156173706, -0.41396674513816833
-0.20110689103603363, 1.7814432382583618, -0.4140778183937073
-0.20011287927627563, 1.7815195322036743, -0.414246141910553
-0.19905345141887665, 1.7814487218856812, -0.41445136070251465
-0.19810961186885834, 1.7815393209457397, -0.4146273732185364
-0.19713445007801056, 1.7816585302352905, -0.4148186445236206
-0.19625899195671082, 1.781663179397583, -0.41508787870407104
-0.1953931748867035, 1.781720519065857, -0.41530826687812805
-0.1945749670267105, 1.7817107439041138, -0.4155323803424835
-0.19376659393310547, 1.7816411256790161, -0.4157724380493164
-0.19296517968177795, 1.781572937965393, -0.4160032868385315
-0.19209624826908112, 1.7814159393310547, -0.416335791349411
-0.19134771823883057, 1.7813047170639038, -0.4165833294391632
-0.19069041311740875, 1.7811734676361084, -0.4169786870479584
-0.18997327983379364, 1.7810555696487427, -0.41726911067962646
-0.18931739032268524, 1.7809191942214966, -0.4175768494606018
-0.18883028626441956, 1.780735731124878, -0.4180321991443634
-0.1882428675889969, 1.7805362939834595, -0.41833293437957764
-0.18768930435180664, 1.7803572416305542, -0.4186525344848633
-0.1872054934501648, 1.7802008390426636, -0.418978750705719
-0.18681007623672485, 1.7799979448318481, -0.41947105526924133
-0.1863766610622406, 1.7798511981964111, -0.41978970170021057
-0.18603472411632538, 1.779735803604126, -0.42013657093048096
-0.1856844127178192, 1.779582142829895, -0.42045068740844727
-0.18538887798786163, 1.7794866561889648, -0.42073091864585876
-0.1851242482662201, 1.7793463468551636, -0.4209805428981781
-0.18491488695144653, 1.7792794704437256, -0.4212678372859955
-0.1846405416727066, 1.7792017459869385, -0.42154839634895325
-0.1844770461320877, 1.7791224718093872, -0.42182374000549316
-0.18437369167804718, 1.7790343761444092, -0.42208266258239746
-0.18416620790958405, 1.7790167331695557, -0.422280490398407
-0.18408039212226868, 1.7789167165756226, -0.42250508069992065
-0.18400907516479492, 1.778796911239624, -0.42277249693870544
-0.1839473694562912, 1.7787330150604248, -0.4229911267757416
-0.1838502287864685, 1.7786539793014526, -0.42323046922683716
-0.18393872678279877, 1.7784805297851562, -0.42350244522094727
-0.1839587390422821, 1.7784607410430908, -0.4237350523471832
-0.18412771821022034, 1.7783880233764648, -0.42400914430618286
-0.1841793954372406, 1.7783955335617065, -0.42423805594444275
-0.1841968297958374, 1.7784011363983154, -0.4244481027126312
-0.1841999888420105, 1.7784582376480103, -0.42483121156692505
-0.18421371281147003, 1.7784268856048584, -0.42501145601272583
-0.1842281073331833, 1.7783466577529907, -0.42517080903053284
-0.1841925084590912, 1.778333306312561, -0.4255019724369049
-0.18417757749557495, 1.7782632112503052, -0.42563778162002563
-0.1841023862361908, 1.7781131267547607, -0.4258073568344116
-0.18411357700824738, 1.7780207395553589, -0.4259209632873535
-0.18412108719348907, 1.777942419052124, -0.4260171055793762
-0.18402378261089325, 1.7777979373931885, -0.4261893928050995
-0.1840512603521347, 1.7777447700500488, -0.4262464642524719
-0.1840963065624237, 1.777700424194336, -0.42628994584083557
-0.1841457039117813, 1.7776433229446411, -0.4262933135032654
-0.1841738522052765, 1.7776061296463013, -0.4263705015182495
-0.18425601720809937, 1.7775790691375732, -0.42631494998931885
-0.18442188203334808, 1.7775629758834839, -0.4263257384300232
-0.1845252364873886, 1.7775558233261108, -0.4262506067752838
-0.18462969362735748, 1.7775896787643433, -0.4261721670627594
-0.18477873504161835, 1.7776095867156982, -0.4261142313480377
-0.18490387499332428, 1.7776886224746704, -0.4260323643684387
-0.18515250086784363, 1.777756929397583, -0.4259697198867798
-0.18530625104904175, 1.7778459787368774, -0.42588406801223755
-0.18546682596206665, 1.7779347896575928, -0.4258063733577728
-0.18573421239852905, 1.7780627012252808, -0.4257497191429138
-0.18590742349624634, 1.7781442403793335, -0.42566582560539246
-0.1861153542995453, 1.7781604528427124, -0.4255206286907196
-0.18629544973373413, 1.7782217264175415, -0.4254293441772461
-0.18646766245365143, 1.7782537937164307, -0.42533761262893677
-0.18668079376220703, 1.778236746788025, -0.4253183901309967
-0.18684960901737213, 1.7782163619995117, -0.4252285361289978
-0.18713149428367615, 1.7781225442886353, -0.42529499530792236
-0.18731191754341125, 1.7781113386154175, -0.4252144694328308
-0.18747608363628387, 1.7781002521514893, -0.4251362681388855
-0.18770726025104523, 1.7781376838684082, -0.4251442551612854
-0.1878531575202942, 1.7781258821487427, -0.42506369948387146
-0.18803094327449799, 1.778125524520874, -0.42499053478240967
-0.18824228644371033, 1.7781602144241333, -0.4250345528125763
-0.18838487565517426, 1.778147578239441, -0.42495042085647583
-0.18857230246067047, 1.778123378753662, -0.4249085783958435
-0.18868188560009003, 1.7781062126159668, -0.42482271790504456
-0.18878385424613953, 1.778090238571167, -0.4247364401817322
-0.18900009989738464, 1.77801513671875, -0.4246630370616913
-0.18905705213546753, 1.7779830694198608, -0.424564391374588
-0.18915259838104248, 1.7779592275619507, -0.4244582951068878
-0.18920011818408966, 1.7779667377471924, -0.4243609607219696
-0.18930275738239288, 1.7778867483139038, -0.42433714866638184
-0.1893070638179779, 1.7779086828231812, -0.4242355227470398
-0.18926571309566498, 1.7779192924499512, -0.4242611229419708
-0.18924589455127716, 1.7779452800750732, -0.4241681694984436
-0.1891801953315735, 1.7779371738433838, -0.42406541109085083
-0.18922743201255798, 1.7779673337936401, -0.4240510165691376
-0.1891198456287384, 1.7779593467712402, -0.4239612817764282
-0.1891397088766098, 1.7779953479766846, -0.4239426255226135
-0.18897835910320282, 1.7779713869094849, -0.42386266589164734
-0.18882566690444946, 1.7779512405395508, -0.42378076910972595
-0.18860945105552673, 1.7780005931854248, -0.42375877499580383
-0.18841469287872314, 1.7779921293258667, -0.42367297410964966
-0.18824832141399384, 1.7779866456985474, -0.4235818684101105
-0.18805372714996338, 1.7779947519302368, -0.4234854578971863
-0.18784721195697784, 1.7780119180679321, -0.4233818054199219
-0.1876460164785385, 1.7780183553695679, -0.42327767610549927
-0.18742305040359497, 1.77805757522583, -0.42316246032714844
-0.1872277855873108, 1.7780898809432983, -0.4230195879936218
-0.18698322772979736, 1.778140902519226, -0.42287540435791016
-0.18667370080947876, 1.778257131576538, -0.42269691824913025
-0.18645629286766052, 1.778303861618042, -0.42264679074287415
-0.18617427349090576, 1.7783732414245605, -0.4224814772605896
-0.18591445684432983, 1.778428554534912, -0.4223202168941498
-0.18569763004779816, 1.778442144393921, -0.42224064469337463
-0.18543840944766998, 1.7784855365753174, -0.4220772981643677
-0.18519143760204315, 1.778457760810852, -0.4219818115234375
-0.18484073877334595, 1.778520941734314, -0.42183762788772583
-0.1845836192369461, 1.7786023616790771, -0.421674519777298
-0.184225931763649, 1.7786072492599487, -0.42158243060112
-0.18391767144203186, 1.77865731716156, -0.4214406907558441
-0.18360216915607452, 1.7787110805511475, -0.42132455110549927
-0.183311328291893, 1.7787506580352783, -0.42121392488479614
-0.1830708384513855, 1.7785996198654175, -0.4211082458496094
-0.1828293651342392, 1.7786518335342407, -0.42098304629325867
-0.18262794613838196, 1.7786047458648682, -0.42091187834739685
-0.1823122203350067, 1.7786957025527954, -0.4207935035228729
-0.1820811629295349, 1.7786833047866821, -0.420658141374588
-0.18190103769302368, 1.7786436080932617, -0.42062973976135254
-0.18166285753250122, 1.7786288261413574, -0.42050206661224365
-0.1813909113407135, 1.7786753177642822, -0.42043375968933105
-0.18115369975566864, 1.7787140607833862, -0.4203011095523834
-0.1808987408876419, 1.7787913084030151, -0.42018425464630127
-0.1806631237268448, 1.7787772417068481, -0.4201040267944336
-0.18044427037239075, 1.7788184881210327, -0.41996267437934875
-0.18015380203723907, 1.7788249254226685, -0.41990599036216736
-0.17993900179862976, 1.7788488864898682, -0.4197652041912079
-0.17974263429641724, 1.778880000114441, -0.41961613297462463
-0.17960797250270844, 1.7788406610488892, -0.41953733563423157
-0.17933623492717743, 1.7788591384887695, -0.41938516497612
-0.1791645884513855, 1.77895987033844, -0.4192449748516083
-0.1789761781692505, 1.7789852619171143, -0.41910961270332336
-0.1788141131401062, 1.7789984941482544, -0.4189661741256714
-0.17868894338607788, 1.7789989709854126, -0.41886842250823975
-0.1785421222448349, 1.7789993286132812, -0.41872990131378174
-0.178409144282341, 1.7790287733078003, -0.4185967743396759
-0.1783723384141922, 1.778969407081604, -0.41842153668403625
-0.17825794219970703, 1.7789961099624634, -0.41826990246772766
-0.17826879024505615, 1.77902090549469, -0.4181065559387207
-0.17818880081176758, 1.7790330648422241, -0.4179410934448242
-0.17809359729290009, 1.779040813446045, -0.41777896881103516
-0.1781221479177475, 1.7790807485580444, -0.41760557889938354
-0.1780739277601242, 1.7790944576263428, -0.41744327545166016
-0.17802570760250092, 1.7791061401367188, -0.417278915643692
-0.1780049204826355, 1.7791290283203125, -0.41710641980171204
-0.17810744047164917, 1.7791157960891724, -0.4169459939002991
-0.17809787392616272, 1.7791311740875244, -0.4167736768722534
-0.1781466156244278, 1.779135823249817, -0.41672202944755554
-0.17814016342163086, 1.7791225910186768, -0.4165404736995697
-0.17818716168403625, 1.7791138887405396, -0.41635119915008545
-0.17820265889167786, 1.7791463136672974, -0.41626524925231934
-0.17822709679603577, 1.77915620803833, -0.41607949137687683
-0.17825686931610107, 1.7791496515274048, -0.4159582853317261
-0.17831182479858398, 1.7791818380355835, -0.41577255725860596
-0.17835183441638947, 1.7792246341705322, -0.4155910611152649
-0.17839501798152924, 1.7792165279388428, -0.4154084324836731
-0.17848451435565948, 1.779211163520813, -0.41518718004226685
-0.17858292162418365, 1.7791756391525269, -0.41503363847732544
-0.1789294332265854, 1.7790943384170532, -0.4146679639816284
-0.17924191057682037, 1.7790470123291016, -0.4143259525299072
-0.17965096235275269, 1.7788156270980835, -0.4139772057533264
-0.18019349873065948, 1.7786824703216553, -0.4134984314441681
-0.18077684938907623, 1.778752088546753, -0.4130048453807831
-0.18150600790977478, 1.779032826423645, -0.41249558329582214
-0.1824195683002472, 1.7794468402862549, -0.41199740767478943
-0.18351007997989655, 1.7798253297805786, -0.4114861488342285
-0.1848909705877304, 1.7801824808120728, -0.41087570786476135
-0.18652701377868652, 1.78054940700531, -0.410259872674942
-0.18825507164001465, 1.7807111740112305, -0.4096376597881317
-0.19042329490184784, 1.7810558080673218, -0.4089549481868744
-0.19276922941207886, 1.781335473060608, -0.408377468585968
-0.19545575976371765, 1.7816824913024902, -0.4077223241329193
-0.19843512773513794, 1.7820379734039307, -0.40702974796295166
-0.20157325267791748, 1.7824631929397583, -0.4063965976238251
-0.2050386220216751, 1.7828339338302612, -0.4057462513446808
-0.20871523022651672, 1.783085823059082, -0.4050651490688324
-0.21261537075042725, 1.7833247184753418, -0.4044252932071686
-0.2166527509689331, 1.7834110260009766, -0.40380018949508667
-0.22090066969394684, 1.7835103273391724, -0.4032285809516907
-0.2251366376876831, 1.7834885120391846, -0.40269535779953003
-0.22953160107135773, 1.7833796739578247, -0.4021167457103729
-0.23391911387443542, 1.7832049131393433, -0.40150347352027893
-0.23800675570964813, 1.783187985420227, -0.4009719789028168
-0.2421579211950302, 1.7832151651382446, -0.4004834294319153
-0.24622546136379242, 1.7832820415496826, -0.39983388781547546
-0.2505929470062256, 1.7832282781600952, -0.3993845582008362
-0.2551219165325165, 1.7831467390060425, -0.3989299237728119
-0.2594362795352936, 1.7830588817596436, -0.3985776901245117
-0.2638189196586609, 1.78287935256958, -0.3981986939907074
-0.26790711283683777, 1.782702922821045, -0.39787688851356506
-0.27217379212379456, 1.7825052738189697, -0.3975538909435272
-0.2762737274169922, 1.7824044227600098, -0.39731264114379883
-0.28023743629455566, 1.7824375629425049, -0.39721906185150146
-0.2842257022857666, 1.782382845878601, -0.3970939815044403
-0.2877959907054901, 1.7823847532272339, -0.3972361981868744
-0.2913459837436676, 1.7822307348251343, -0.3972046375274658
-0.29457855224609375, 1.7820799350738525, -0.39718732237815857
-0.2976956367492676, 1.7821002006530762, -0.39737340807914734
-0.3005049526691437, 1.7820649147033691, -0.39748650789260864
-0.3030562102794647, 1.7820074558258057, -0.3975895643234253
-0.3056803047657013, 1.7816994190216064, -0.3976805806159973
-0.3076798915863037, 1.7814618349075317, -0.39779746532440186
-0.3097105324268341, 1.7810736894607544, -0.3977013826370239
-0.31123507022857666, 1.780847191810608, -0.3978421092033386
-0.31255149841308594, 1.7807754278182983, -0.3980139195919037
-0.3138541877269745, 1.780738353729248, -0.39798739552497864
-0.31474336981773376, 1.780696153640747, -0.39814966917037964
-0.3153581917285919, 1.7806111574172974, -0.3982895612716675
-0.31577739119529724, 1.780561089515686, -0.3984566032886505
-0.31623587012290955, 1.780517816543579, -0.3987187147140503
-0.3162645399570465, 1.7805312871932983, -0.39887669682502747
-0.3165183365345001, 1.780537486076355, -0.3990901708602905
-0.31691068410873413, 1.7805089950561523, -0.3992334008216858
-0.3162747025489807, 1.7805707454681396, -0.3994150161743164
-0.3152373433113098, 1.7807554006576538, -0.39942508935928345
-0.31428954005241394, 1.7808588743209839, -0.3996080458164215
-0.3135388493537903, 1.7809172868728638, -0.39968088269233704
-0.31221804022789, 1.7810415029525757, -0.39988231658935547
-0.3107849657535553, 1.7811334133148193, -0.40006932616233826
-0.30944862961769104, 1.7810600996017456, -0.40019404888153076
-0.3076808750629425, 1.7811648845672607, -0.40040531754493713
-0.306062251329422, 1.7809803485870361, -0.40058669447898865
-0.3040652871131897, 1.7808818817138672, -0.40077120065689087
-0.3018497824668884, 1.7808510065078735, -0.4009961485862732
-0.2999104857444763, 1.7808140516281128, -0.40133336186408997
-0.2975499629974365, 1.7809325456619263, -0.40160077810287476
-0.29537883400917053, 1.7809698581695557, -0.40204566717147827
-0.2927866280078888, 1.7810418605804443, -0.40229377150535583
-0.29001539945602417, 1.7810899019241333, -0.40251970291137695
-0.28728803992271423, 1.7812138795852661, -0.40284842252731323
-0.2842586636543274, 1.781291127204895, -0.403067022562027
-0.28104424476623535, 1.781440019607544, -0.403320848941803
-0.2779948115348816, 1.7816064357757568, -0.40355348587036133
-0.2744574248790741, 1.7816916704177856, -0.40376630425453186
-0.27099961042404175, 1.781891942024231, -0.40401020646095276
-0.2671043574810028, 1.782103180885315, -0.40423545241355896
-0.2629989683628082, 1.7823444604873657, -0.4044366776943207
-0.2588532567024231, 1.7825103998184204, -0.4046546220779419
-0.2541177272796631, 1.7826755046844482, -0.40476569533348083
-0.24915733933448792, 1.7829197645187378, -0.40485385060310364
-0.24394591152668, 1.7831779718399048, -0.40489462018013
-0.2386660873889923, 1.7832759618759155, -0.40505775809288025
-0.23304447531700134, 1.7835664749145508, -0.40507373213768005
-0.2273072600364685, 1.783835768699646, -0.40518704056739807
-0.2212490737438202, 1.7841264009475708, -0.4051944613456726
-0.21497994661331177, 1.7844197750091553, -0.4051683843135834
-0.2087283879518509, 1.784744143486023, -0.4052167534828186
-0.20211955904960632, 1.7850178480148315, -0.4052049219608307
-0.19554421305656433, 1.7851406335830688, -0.405169278383255
-0.1885811686515808, 1.7853128910064697, -0.4051865041255951
-0.1815112829208374, 1.7854846715927124, -0.4052238166332245
-0.17443443834781647, 1.7855088710784912, -0.4052457809448242
-0.1670931577682495, 1.7855995893478394, -0.4053691327571869
-0.15980195999145508, 1.785560131072998, -0.4056186378002167
-0.15221533179283142, 1.7855638265609741, -0.40580272674560547
-0.14452315866947174, 1.7856000661849976, -0.40602827072143555
-0.1369895488023758, 1.785524606704712, -0.4062674641609192
-0.12908893823623657, 1.7855162620544434, -0.40657782554626465
-0.12144589424133301, 1.785422921180725, -0.4068228006362915
-0.11350630968809128, 1.7855076789855957, -0.40729331970214844
-0.10558141022920609, 1.7854732275009155, -0.4077915847301483
-0.09776443243026733, 1.7850722074508667, -0.40816742181777954
-0.08972430229187012, 1.7847330570220947, -0.40871909260749817
-0.08159326761960983, 1.7844443321228027, -0.40926817059516907
-0.07373485714197159, 1.7840694189071655, -0.40973615646362305
-0.06568815559148788, 1.7837005853652954, -0.41031092405319214
-0.0579354390501976, 1.7830862998962402, -0.4109908640384674
-0.04990283399820328, 1.7824937105178833, -0.41162893176078796
-0.04184766858816147, 1.7818658351898193, -0.412311851978302
-0.03396047651767731, 1.7813324928283691, -0.41311755776405334
-0.025955474004149437, 1.7806497812271118, -0.4138255715370178
-0.018051674589514732, 1.7798041105270386, -0.41441887617111206
-0.010396094992756844, 1.7790756225585938, -0.4151032567024231
-0.002709056716412306, 1.7783443927764893, -0.41575396060943604
0.004827362485229969, 1.7775499820709229, -0.4163369834423065
0.012139138765633106, 1.7766739130020142, -0.416988343000412
0.019536830484867096, 1.7756869792938232, -0.417527973651886
0.026837795972824097, 1.7746881246566772, -0.418043851852417
0.034027572721242905, 1.7738274335861206, -0.4186418354511261
0.04104768484830856, 1.772855281829834, -0.41908007860183716
0.04770252853631973, 1.7719382047653198, -0.41956087946891785
0.05440215393900871, 1.7709269523620605, -0.41995471715927124
0.06100485846400261, 1.7699432373046875, -0.42033690214157104
0.06731023639440536, 1.7689980268478394, -0.4208579361438751
0.07366960495710373, 1.767897605895996, -0.42116424441337585
0.07982240617275238, 1.7668617963790894, -0.4216228127479553
0.08584661036729813, 1.765698790550232, -0.4218336343765259
0.09172621369361877, 1.764520287513733, -0.4220288097858429
0.09748318791389465, 1.7634949684143066, -0.42231056094169617
0.10312186181545258, 1.7624181509017944, -0.4225143790245056
0.10875262320041656, 1.761383056640625, -0.4227890968322754
0.11416715383529663, 1.7602887153625488, -0.42298850417137146
0.11941133439540863, 1.7591302394866943, -0.4231376349925995
0.12445154041051865, 1.7581905126571655, -0.42335939407348633
0.12932513654232025, 1.757197618484497, -0.42350172996520996
0.13405027985572815, 1.7563000917434692, -0.4236619770526886
0.1386500597000122, 1.7554792165756226, -0.42398694157600403
0.1429305374622345, 1.754631519317627, -0.42408522963523865
0.14712420105934143, 1.7538926601409912, -0.4243657886981964
0.1510036438703537, 1.7531453371047974, -0.4244576394557953
0.15480607748031616, 1.7524107694625854, -0.4245694875717163
0.15848642587661743, 1.7517644166946411, -0.42460569739341736
0.16184690594673157, 1.7512309551239014, -0.4247443377971649
0.16504716873168945, 1.7506983280181885, -0.42483705282211304
0.16792680323123932, 1.7501189708709717, -0.42493361234664917
0.170743927359581, 1.7497363090515137, -0.4250420033931732
0.17317280173301697, 1.7492879629135132, -0.4250154495239258
0.17550033330917358, 1.749085545539856, -0.42515185475349426
0.1774168163537979, 1.748814582824707, -0.42519330978393555
0.17906904220581055, 1.7485651969909668, -0.4251955449581146
0.18083105981349945, 1.7483654022216797, -0.42537757754325867
0.18205904960632324, 1.748291254043579, -0.4254091680049896
0.18326376378536224, 1.7480127811431885, -0.42554980516433716
0.1838979721069336, 1.7479822635650635, -0.42552879452705383
0.1843068152666092, 1.7479848861694336, -0.42552095651626587
0.1848890781402588, 1.7478508949279785, -0.42558345198631287
0.18484310805797577, 1.7479594945907593, -0.42558401823043823
0.18497630953788757, 1.7480347156524658, -0.4256467819213867
0.18541660904884338, 1.7480618953704834, -0.4256382882595062
0.18371471762657166, 1.7486891746520996, -0.425698459148407
0.18317121267318726, 1.749006986618042, -0.42575564980506897
0.18190431594848633, 1.749393343925476, -0.42577803134918213
0.1808328479528427, 1.7497060298919678, -0.4258231818675995
0.1791694313287735, 1.7501606941223145, -0.4258408844470978
0.17723986506462097, 1.7506203651428223, -0.42583563923835754
0.1754717081785202, 1.7511497735977173, -0.4258515238761902
0.17319756746292114, 1.7518020868301392, -0.4258812963962555
0.17069078981876373, 1.75253164768219, -0.42594876885414124
0.1682853102684021, 1.7532415390014648, -0.4259355962276459
0.16532884538173676, 1.7538652420043945, -0.4259830713272095
0.16247262060642242, 1.754470944404602, -0.4259929060935974
0.1591183841228485, 1.7550710439682007, -0.4259618818759918
0.1555715650320053, 1.7557426691055298, -0.4259437620639801
0.15209029614925385, 1.7564316987991333, -0.42604032158851624
0.148200124502182, 1.7572903633117676, -0.4260343015193939
0.14414621889591217, 1.7581536769866943, -0.42604494094848633
0.13991527259349823, 1.7590137720108032, -0.4260377585887909
0.1357741355895996, 1.7597181797027588, -0.4261152446269989
0.13114489614963531, 1.7604800462722778, -0.4260261356830597
0.126723513007164, 1.7613255977630615, -0.4260931611061096
0.12177696824073792, 1.762032151222229, -0.426008403301239
0.11665806919336319, 1.762784719467163, -0.42587563395500183
0.11179037392139435, 1.7636305093765259, -0.4258822202682495
0.10639142990112305, 1.7644362449645996, -0.425790399312973
0.10124969482421875, 1.76512610912323, -0.425762802362442
0.0955793634057045, 1.7658826112747192, -0.42563846707344055
0.08979076892137527, 1.766642689704895, -0.42550715804100037
0.08437094837427139, 1.7672364711761475, -0.42539188265800476
0.07832696288824081, 1.7678828239440918, -0.4252060651779175
0.0725095272064209, 1.7684916257858276, -0.42505356669425964
0.06630533933639526, 1.7691123485565186, -0.42485642433166504
0.06000504270195961, 1.7697683572769165, -0.42465296387672424
0.05392199009656906, 1.7704358100891113, -0.42437824606895447
0.04747183248400688, 1.7711559534072876, -0.42419251799583435
0.04127790778875351, 1.7716753482818604, -0.4239596724510193
0.03470592573285103, 1.772302269935608, -0.4237166941165924
0.02806595154106617, 1.7729253768920898, -0.4234159290790558
0.021565359085798264, 1.773543357849121, -0.42315247654914856
0.014814907684922218, 1.7741717100143433, -0.42286187410354614
0.008022500202059746, 1.7747538089752197, -0.4225272536277771
0.0013328671921044588, 1.7752280235290527, -0.42223528027534485
-0.005449449177831411, 1.7758471965789795, -0.42193087935447693
-0.012157253921031952, 1.7763605117797852, -0.42177072167396545
-0.019009649753570557, 1.7769956588745117, -0.42153501510620117
-0.025902722030878067, 1.7775661945343018, -0.4213244915008545
-0.03287225589156151, 1.778100609779358, -0.42125552892684937
-0.03988651931285858, 1.7786328792572021, -0.42107298970222473
-0.046897273510694504, 1.779154658317566, -0.42092618346214294
-0.05388098210096359, 1.7795957326889038, -0.42085254192352295
-0.06085212156176567, 1.780003309249878, -0.42073318362236023
-0.06781143695116043, 1.780461072921753, -0.42067834734916687
-0.07449574768543243, 1.7807594537734985, -0.42075514793395996
-0.08140238374471664, 1.7809804677963257, -0.4207031726837158
-0.08830398321151733, 1.7811346054077148, -0.4206889867782593
-0.09499320387840271, 1.7813007831573486, -0.4208291172981262
-0.10183363407850266, 1.7815132141113281, -0.42082417011260986
-0.10853428393602371, 1.78184974193573, -0.4209620952606201
-0.11522740125656128, 1.7819544076919556, -0.4209434688091278
-0.12179121375083923, 1.78202223777771, -0.42098289728164673
-0.12820687890052795, 1.7820522785186768, -0.421185702085495
-0.13450245559215546, 1.781833291053772, -0.42123255133628845
-0.14071431756019592, 1.781727910041809, -0.4215247333049774
-0.14672520756721497, 1.7815773487091064, -0.4218028485774994
-0.15263991057872772, 1.7814836502075195, -0.422149121761322
-0.1584666520357132, 1.7814041376113892, -0.4225088655948639
-0.16405124962329865, 1.781211018562317, -0.4228569567203522
-0.16937604546546936, 1.7811869382858276, -0.4233071804046631
-0.1745709627866745, 1.781098484992981, -0.4236910045146942
-0.17962709069252014, 1.7810065746307373, -0.4240267276763916
-0.18455643951892853, 1.7810121774673462, -0.4244152903556824
-0.18922893702983856, 1.7810477018356323, -0.424710750579834
-0.19370658695697784, 1.7810930013656616, -0.4249500632286072
-0.1980488896369934, 1.7810477018356323, -0.42519691586494446
-0.20211955904960632, 1.7809990644454956, -0.4253501892089844
-0.2060907930135727, 1.7808648347854614, -0.42564237117767334
-0.20974376797676086, 1.7809031009674072, -0.42574334144592285
-0.21326091885566711, 1.780911922454834, -0.42583924531936646
-0.21682319045066833, 1.7808645963668823, -0.42602843046188354
-0.2200595587491989, 1.780937910079956, -0.42602619528770447
-0.22316798567771912, 1.7810726165771484, -0.4260147511959076
-0.2261241227388382, 1.7812141180038452, -0.4259626567363739
-0.22925177216529846, 1.7812303304672241, -0.42604100704193115
-0.23196075856685638, 1.7813242673873901, -0.42593324184417725
-0.23474764823913574, 1.7813217639923096, -0.4259691536426544
-0.23727132380008698, 1.7815927267074585, -0.4258948266506195
-0.23959383368492126, 1.7818567752838135, -0.42582088708877563
-0.2419724017381668, 1.7819256782531738, -0.4256840646266937
-0.24414464831352234, 1.7821180820465088, -0.4256041646003723
-0.24639515578746796, 1.782259464263916, -0.425566166639328
-0.24836549162864685, 1.782381534576416, -0.42551037669181824
-0.2502514719963074, 1.7824375629425049, -0.42545998096466064
-0.25231361389160156, 1.7825597524642944, -0.4255882799625397
-0.2540963888168335, 1.782627820968628, -0.42560166120529175
-0.2561470866203308, 1.782742977142334, -0.425743967294693
-0.2578577697277069, 1.7829042673110962, -0.4258745610713959
-0.2595239579677582, 1.783008337020874, -0.42604461312294006
-0.2614096701145172, 1.78298819065094, -0.42629605531692505
-0.2630314528942108, 1.7829136848449707, -0.4265427887439728
-0.2648206949234009, 1.7829068899154663, -0.42689353227615356
-0.26628297567367554, 1.782902717590332, -0.4272249639034271
-0.2676720917224884, 1.782900094985962, -0.4275675415992737
-0.2691725790500641, 1.782867670059204, -0.4280046820640564
-0.27043676376342773, 1.7827637195587158, -0.42835497856140137
-0.2716315686702728, 1.7826721668243408, -0.4287208020687103
-0.2729167938232422, 1.7825719118118286, -0.429196298122406
-0.2739156186580658, 1.7824451923370361, -0.4295341968536377
-0.2749830186367035, 1.7822797298431396, -0.4298204481601715
-0.27576443552970886, 1.7821534872055054, -0.43007463216781616
-0.2764168381690979, 1.7821027040481567, -0.4303273856639862
-0.2770169973373413, 1.7819623947143555, -0.43054521083831787
-0.277384877204895, 1.7819920778274536, -0.4307355582714081
-0.27765241265296936, 1.7820087671279907, -0.4309346079826355
-0.2777450978755951, 1.7821218967437744, -0.4311416745185852
-0.2778569757938385, 1.7821296453475952, -0.4312801957130432
-0.27766239643096924, 1.782289981842041, -0.4314553737640381
-0.27808132767677307, 1.782328724861145, -0.43158620595932007
-0.2775750160217285, 1.7825065851211548, -0.43167605996131897
-0.2760978043079376, 1.782819151878357, -0.43167364597320557
-0.2752643823623657, 1.7830969095230103, -0.4316382110118866
-0.27413100004196167, 1.7833058834075928, -0.4316790997982025
-0.2730947434902191, 1.7834798097610474, -0.43167489767074585
-0.2715676426887512, 1.7836244106292725, -0.4316805899143219
-0.26988381147384644, 1.7837642431259155, -0.4317113757133484
-0.26835307478904724, 1.7838778495788574, -0.43179506063461304
-0.26634567975997925, 1.7839689254760742, -0.431835800409317
-0.2643994688987732, 1.7839734554290771, -0.4320014715194702
-0.26201483607292175, 1.7839797735214233, -0.43205687403678894
-0.25945696234703064, 1.784038782119751, -0.4321692883968353
-0.257112979888916, 1.784057378768921, -0.43239492177963257
-0.25415274500846863, 1.7840393781661987, -0.43245071172714233
-0.2513294816017151, 1.784050703048706, -0.4325394928455353
-0.24804575741291046, 1.7840137481689453, -0.4326154589653015
-0.24459631741046906, 1.7839140892028809, -0.43262147903442383
-0.24116308987140656, 1.783736228942871, -0.4326159656047821
-0.2373286336660385, 1.7835885286331177, -0.4326021373271942
-0.23331792652606964, 1.7835060358047485, -0.4325453042984009
-0.22932249307632446, 1.7833497524261475, -0.43254411220550537
-0.22492338716983795, 1.7833296060562134, -0.4324262738227844
-0.22050841152668, 1.7832921743392944, -0.4323757588863373
-0.21576930582523346, 1.7833198308944702, -0.43222615122795105
-0.2108100801706314, 1.783344030380249, -0.43206876516342163
-0.2059159129858017, 1.783385157585144, -0.43203669786453247
-0.2005809247493744, 1.783487319946289, -0.4318661093711853
-0.19506268203258514, 1.7835975885391235, -0.4316997528076172
-0.18934595584869385, 1.783705711364746, -0.4315299689769745
-0.18374696373939514, 1.7837986946105957, -0.4314084053039551
-0.17766611278057098, 1.7839789390563965, -0.43128371238708496
-0.1717497855424881, 1.7840954065322876, -0.4311861991882324
-0.1653071641921997, 1.7842605113983154, -0.4310953915119171
-0.15876436233520508, 1.7843797206878662, -0.431047648191452
-0.15255476534366608, 1.7843555212020874, -0.4308816194534302
-0.14602404832839966, 1.7845393419265747, -0.43089643120765686
-0.1397462636232376, 1.7845789194107056, -0.43074873089790344
-0.13281980156898499, 1.7847152948379517, -0.43075257539749146
-0.12570181488990784, 1.7849247455596924, -0.4307885766029358
-0.11883825063705444, 1.7851084470748901, -0.43079304695129395
-0.11157780885696411, 1.7853178977966309, -0.4308488368988037
-0.10441029816865921, 1.7853996753692627, -0.4307872951030731
-0.09688086807727814, 1.785524845123291, -0.43088552355766296
-0.08923565596342087, 1.7856111526489258, -0.43103763461112976
-0.08167975395917892, 1.7854984998703003, -0.43114063143730164
-0.07386013865470886, 1.7853872776031494, -0.4313596189022064
-0.06612058728933334, 1.785160779953003, -0.4316861629486084
-0.05821067839860916, 1.784952998161316, -0.4319528341293335
-0.05026474967598915, 1.7847247123718262, -0.4322277009487152
-0.042497508227825165, 1.7844021320343018, -0.4326940178871155
-0.03452867642045021, 1.7841339111328125, -0.4331047832965851
-0.026623450219631195, 1.7838324308395386, -0.4335448145866394
-0.019167540594935417, 1.7834217548370361, -0.4342278838157654
-0.011198688298463821, 1.7830817699432373, -0.4347643554210663
-0.0036898283287882805, 1.7827739715576172, -0.43554145097732544
0.00394659535959363, 1.7824904918670654, -0.43621012568473816
0.011407825164496899, 1.782019853591919, -0.43683233857154846
0.018742268905043602, 1.7814503908157349, -0.4376976490020752
0.026191266253590584, 1.7808030843734741, -0.4384196996688843
0.03350644186139107, 1.780094861984253, -0.4391012191772461
0.04062037169933319, 1.7793155908584595, -0.4399263262748718
0.04768312722444534, 1.77853262424469, -0.4406552016735077
0.05472015589475632, 1.7778184413909912, -0.4414822459220886
0.06140684708952904, 1.7769993543624878, -0.4421367645263672
0.06798876821994781, 1.776280403137207, -0.4428395628929138
0.07438711076974869, 1.775468349456787, -0.44354596734046936
0.08072318136692047, 1.774819254875183, -0.44410544633865356
0.08671073615550995, 1.7742027044296265, -0.4447268843650818
0.09254790097475052, 1.7737027406692505, -0.44539129734039307
0.09804576635360718, 1.7731432914733887, -0.4460066258907318
0.10324612259864807, 1.7726051807403564, -0.44657081365585327
0.10830496996641159, 1.7721493244171143, -0.4473095238208771
0.11299966275691986, 1.7717081308364868, -0.4478667378425598
0.11775383353233337, 1.771355390548706, -0.4484146237373352
0.12204678356647491, 1.7709143161773682, -0.4489043354988098
0.1260780692100525, 1.7705706357955933, -0.44943767786026
0.13015304505825043, 1.770535945892334, -0.45001256465911865
0.1337675005197525, 1.7703452110290527, -0.45048364996910095
0.13731077313423157, 1.7702770233154297, -0.4510056674480438
0.14052505791187286, 1.7701740264892578, -0.4514542520046234
0.14340129494667053, 1.7700916528701782, -0.4518003463745117
0.14631181955337524, 1.7701530456542969, -0.4521855413913727
0.14877983927726746, 1.7703545093536377, -0.45249035954475403
0.15102851390838623, 1.7706727981567383, -0.45275601744651794
0.1533663421869278, 1.7709437608718872, -0.4531308114528656
0.15513603389263153, 1.7713648080825806, -0.45331263542175293
0.15699076652526855, 1.7717300653457642, -0.4535737931728363
0.15839974582195282, 1.7722175121307373, -0.4536312222480774
0.15961939096450806, 1.7727690935134888, -0.45367011427879333
0.16086255013942719, 1.7733265161514282, -0.4537692070007324
0.16166244447231293, 1.773924469947815, -0.45369473099708557
0.16228343546390533, 1.7745362520217896, -0.45358577370643616
0.1627187877893448, 1.7752093076705933, -0.4534211754798889
0.16331222653388977, 1.7757960557937622, -0.4533233940601349
0.16341663897037506, 1.7764253616333008, -0.45314276218414307
0.16363263130187988, 1.7770992517471313, -0.45301640033721924
0.16340641677379608, 1.7777600288391113, -0.45278966426849365
0.162996307015419, 1.7784123420715332, -0.4525335431098938
0.16276854276657104, 1.7790729999542236, -0.45253193378448486
0.1620613932609558, 1.7796497344970703, -0.45228636264801025
0.16148559749126434, 1.7801940441131592, -0.4521563947200775
0.16043435037136078, 1.7807092666625977, -0.45189526677131653
0.1592564582824707, 1.781160593032837, -0.4516565799713135
0.15824338793754578, 1.7815673351287842, -0.4515314996242523
0.15675170719623566, 1.781988263130188, -0.45125851035118103
0.15534968674182892, 1.7823529243469238, -0.45111319422721863
0.1535835564136505, 1.7827073335647583, -0.450875461101532
0.151645690202713, 1.7830417156219482, -0.4506446421146393
0.1498171091079712, 1.7832722663879395, -0.45050960779190063
0.14757442474365234, 1.7836154699325562, -0.4502774775028229
0.1454784870147705, 1.7839980125427246, -0.45018208026885986
0.14293530583381653, 1.7843329906463623, -0.44995033740997314
0.14012594521045685, 1.7846143245697021, -0.4497012794017792
0.13754190504550934, 1.784875750541687, -0.44948771595954895
0.13449601829051971, 1.7852013111114502, -0.4492447078227997
0.13121017813682556, 1.7855342626571655, -0.4489499628543854
0.12805509567260742, 1.7858301401138306, -0.4487060606479645
0.12444517761468887, 1.7861549854278564, -0.4483959972858429
0.12088021636009216, 1.7864190340042114, -0.4481031894683838
0.11696936935186386, 1.7867779731750488, -0.4477711319923401
0.11286870390176773, 1.7871556282043457, -0.4473777413368225
0.10885465145111084, 1.7874866724014282, -0.44703206419944763
0.10444904863834381, 1.787895917892456, -0.4466317892074585
0.09990768879652023, 1.7882260084152222, -0.4462021291255951
0.09521099179983139, 1.7885613441467285, -0.44578027725219727
0.09068611264228821, 1.7888119220733643, -0.44536176323890686
0.08572512865066528, 1.78904390335083, -0.4449058771133423
0.0807448998093605, 1.7891746759414673, -0.4445365369319916
0.07547266781330109, 1.789383888244629, -0.44407355785369873
0.07004133611917496, 1.789568543434143, -0.4436105191707611
0.06460583955049515, 1.7896413803100586, -0.44324883818626404
0.058883290737867355, 1.7897882461547852, -0.4427948594093323
0.05300476774573326, 1.7897703647613525, -0.44252899289131165
0.04702964052557945, 1.7898473739624023, -0.44208869338035583
0.040886711329221725, 1.7898920774459839, -0.4417218267917633
0.034769993275403976, 1.7897967100143433, -0.44152387976646423
0.02831915020942688, 1.7897366285324097, -0.44114744663238525
0.02216218039393425, 1.7896162271499634, -0.44097548723220825
0.015531795099377632, 1.7895879745483398, -0.4406428933143616
0.008832542225718498, 1.7895848751068115, -0.44031012058258057
0.002313995733857155, 1.789644479751587, -0.4402129650115967
-0.004490302875638008, 1.7897800207138062, -0.4399963319301605
-0.011189937591552734, 1.7899096012115479, -0.43983569741249084
-0.018120866268873215, 1.7899354696273804, -0.4396231472492218
-0.02509263902902603, 1.7899330854415894, -0.43943750858306885
-0.03203696385025978, 1.7899185419082642, -0.4393283724784851
-0.03912847116589546, 1.789894938468933, -0.4391171932220459
-0.046206217259168625, 1.789888620376587, -0.4388958215713501
-0.05311090126633644, 1.7899519205093384, -0.43878400325775146
-0.06017865613102913, 1.7899465560913086, -0.43854954838752747
-0.06696832925081253, 1.7899729013442993, -0.43836286664009094
-0.07389412075281143, 1.789998173713684, -0.438117116689682
-0.08075827360153198, 1.7900476455688477, -0.4378725588321686
-0.08748215436935425, 1.7901334762573242, -0.437861829996109
-0.09426933526992798, 1.7902498245239258, -0.4376867115497589
-0.10098462551832199, 1.7902706861495972, -0.4375476539134979
-0.10737106204032898, 1.7904080152511597, -0.4375644028186798
-0.1138138547539711, 1.7906441688537598, -0.43751174211502075
-0.1201171725988388, 1.790818691253662, -0.4374407231807709
-0.12610334157943726, 1.7912195920944214, -0.4374849200248718
-0.13209612667560577, 1.7914280891418457, -0.4374852478504181
-0.13799349963665009, 1.7915678024291992, -0.437470406293869
-0.14372746646404266, 1.7918883562088013, -0.43748077750205994
-0.1493019014596939, 1.79202139377594, -0.43745213747024536
-0.15473726391792297, 1.7922767400741577, -0.43741026520729065
-0.1600431203842163, 1.7925472259521484, -0.43741732835769653
-0.16518698632717133, 1.7927626371383667, -0.4373936355113983
-0.17001940310001373, 1.7929173707962036, -0.43739959597587585
-0.17478881776332855, 1.7930195331573486, -0.43736687302589417
-0.17939211428165436, 1.7931139469146729, -0.4374617636203766
-0.18386076390743256, 1.7932415008544922, -0.43744292855262756
-0.18813617527484894, 1.7933204174041748, -0.4374144375324249
-0.19227206707000732, 1.7933932542800903, -0.4373471438884735
-0.19617430865764618, 1.7934874296188354, -0.4373321533203125
-0.20005354285240173, 1.7936540842056274, -0.4373597502708435
-0.20366697013378143, 1.7937544584274292, -0.43733444809913635
-0.20703823864459991, 1.7938741445541382, -0.43734416365623474
-0.21051296591758728, 1.793844223022461, -0.4375050365924835
-0.21359609067440033, 1.7938889265060425, -0.4375268220901489
-0.21650296449661255, 1.7939726114273071, -0.4375421404838562
-0.2194719910621643, 1.7938690185546875, -0.4377378225326538
-0.22204838693141937, 1.7939106225967407, -0.43775299191474915
-0.22472533583641052, 1.7938531637191772, -0.4378730356693268
-0.22694522142410278, 1.7938846349716187, -0.4378949999809265
-0.22905433177947998, 1.7938534021377563, -0.4378966689109802
-0.2313206046819687, 1.7937757968902588, -0.4380861222743988
-0.23312588036060333, 1.7937037944793701, -0.4380778968334198
-0.2347308099269867, 1.793652057647705, -0.43806523084640503
-0.23622405529022217, 1.7935959100723267, -0.43802914023399353
-0.23789462447166443, 1.7935267686843872, -0.4382398724555969
-0.23910588026046753, 1.7935062646865845, -0.43821632862091064
-0.24056945741176605, 1.7934859991073608, -0.4383249282836914
-0.2414311021566391, 1.7934150695800781, -0.4382930099964142
-0.24215412139892578, 1.7933329343795776, -0.43824630975723267
-0.2429179549217224, 1.7932225465774536, -0.4383580982685089
-0.24336937069892883, 1.7932082414627075, -0.43832477927207947
-0.2438952922821045, 1.7932199239730835, -0.4384225308895111
-0.24403414130210876, 1.7932171821594238, -0.4383906424045563
-0.24409407377243042, 1.7932548522949219, -0.43834543228149414
-0.24473831057548523, 1.7931817770004272, -0.43847301602363586
-0.2445686012506485, 1.793192744255066, -0.4384166896343231
-0.24431851506233215, 1.7931511402130127, -0.43847769498825073
-0.24390363693237305, 1.7931338548660278, -0.43839702010154724
-0.24335317313671112, 1.7931408882141113, -0.43830838799476624
-0.24239365756511688, 1.7931784391403198, -0.43819767236709595
-0.24154503643512726, 1.793175458908081, -0.4380960762500763
-0.24093404412269592, 1.7932171821594238, -0.4378800690174103
-0.23989015817642212, 1.793226957321167, -0.4377942681312561
-0.23872043192386627, 1.7932531833648682, -0.43768835067749023
-0.237737774848938, 1.793168306350708, -0.4374728500843048
-0.23631568253040314, 1.7931793928146362, -0.437359482049942
-0.2347646802663803, 1.793211817741394, -0.4372461140155792
-0.2332337349653244, 1.7930926084518433, -0.43704238533973694
-0.23147109150886536, 1.7931110858917236, -0.43694621324539185
-0.22974321246147156, 1.7930736541748047, -0.43683624267578125
-0.22769007086753845, 1.7930455207824707, -0.4367351531982422
-0.2255408614873886, 1.7931033372879028, -0.4366263449192047
-0.2236013561487198, 1.7930378913879395, -0.4365549683570862
-0.22119800746440887, 1.7930575609207153, -0.4364618957042694
-0.21869532763957977, 1.7930198907852173, -0.4363648295402527
-0.2160591334104538, 1.7929816246032715, -0.43627068400382996
-0.21364586055278778, 1.7928886413574219, -0.43622925877571106
-0.21077117323875427, 1.7928426265716553, -0.4361462891101837
-0.20798425376415253, 1.7927708625793457, -0.43608951568603516
-0.20481844246387482, 1.7927372455596924, -0.4360142648220062
-0.201579749584198, 1.7927064895629883, -0.4359448254108429
-0.19827954471111298, 1.7925677299499512, -0.4359856843948364
-0.19476711750030518, 1.7924915552139282, -0.4359223246574402
-0.19127851724624634, 1.7923243045806885, -0.4358822703361511
-0.18749074637889862, 1.7921911478042603, -0.4358155429363251
-0.18362198770046234, 1.7921099662780762, -0.43577420711517334
-0.17989259958267212, 1.7919468879699707, -0.4356987774372101
-0.1759963482618332, 1.7918200492858887, -0.4356194734573364
-0.17203150689601898, 1.7917240858078003, -0.4355521500110626
-0.16785863041877747, 1.791724443435669, -0.4355227053165436
-0.16351574659347534, 1.791722059249878, -0.4354346990585327
-0.15910236537456512, 1.7916597127914429, -0.4354575276374817
-0.15433421730995178, 1.7916101217269897, -0.4353904724121094
-0.1495223343372345, 1.7915173768997192, -0.4354434013366699
-0.14443843066692352, 1.7913886308670044, -0.4353863298892975
-0.13916106522083282, 1.7911583185195923, -0.4353136420249939
-0.13376370072364807, 1.7909334897994995, -0.4354285001754761
-0.1280916929244995, 1.7906943559646606, -0.4354126751422882
-0.12222621589899063, 1.790448784828186, -0.435451865196228
-0.11630375683307648, 1.7901579141616821, -0.4356800615787506
-0.11001414805650711, 1.7898712158203125, -0.4357635974884033
-0.10362309962511063, 1.7894903421401978, -0.4359257221221924
-0.09694015979766846, 1.7891478538513184, -0.4360644817352295
-0.08998531848192215, 1.788780689239502, -0.4362681210041046
-0.08306540548801422, 1.78835928440094, -0.4364889860153198
-0.07583757489919662, 1.7880176305770874, -0.43671736121177673
-0.06849019229412079, 1.7878262996673584, -0.4370868504047394
-0.06101882457733154, 1.7876614332199097, -0.43750590085983276
-0.05368244647979736, 1.787430763244629, -0.43795597553253174
-0.046030350029468536, 1.7870792150497437, -0.4384434223175049
-0.038522012531757355, 1.7865979671478271, -0.43902745842933655
-0.03066074103116989, 1.786020040512085, -0.43950214982032776
-0.0229157917201519, 1.7853807210922241, -0.43996483087539673
-0.015448182821273804, 1.7846441268920898, -0.4404825270175934
-0.007704633753746748, 1.7838534116744995, -0.44093769788742065
-0.00018116705177817494, 1.7829409837722778, -0.4414975345134735
0.007589376997202635, 1.7820440530776978, -0.4420168101787567
0.015366890467703342, 1.7810173034667969, -0.4424734115600586
0.02286272682249546, 1.779921054840088, -0.44311514496803284
0.030475173145532608, 1.7787609100341797, -0.4435451328754425
0.03762887418270111, 1.7775665521621704, -0.4440065324306488
0.04503845423460007, 1.7764568328857422, -0.4443609416484833
0.052379000931978226, 1.7754136323928833, -0.4447174072265625
0.059178583323955536, 1.774228811264038, -0.4450831413269043
0.06605125963687897, 1.7731398344039917, -0.4453323483467102
0.0726543515920639, 1.7719067335128784, -0.445664644241333
0.07922837883234024, 1.7707040309906006, -0.44581639766693115
0.08547032624483109, 1.7695029973983765, -0.44595229625701904
0.09146447479724884, 1.7684017419815063, -0.44612008333206177
0.09731071442365646, 1.767346739768982, -0.446242094039917
0.10300879925489426, 1.766305923461914, -0.4463686943054199
0.10840792953968048, 1.7655103206634521, -0.44654354453086853
0.11364855617284775, 1.76455819606781, -0.4467073380947113
0.11870548874139786, 1.7640607357025146, -0.44690248370170593
0.12354211509227753, 1.7631906270980835, -0.4470946192741394
0.12801070511341095, 1.7623778581619263, -0.4473181962966919
0.13255926966667175, 1.7617745399475098, -0.4474850594997406
0.1367049366235733, 1.7610300779342651, -0.44773223996162415
0.14060340821743011, 1.7603241205215454, -0.4479840397834778
0.14429394900798798, 1.7596570253372192, -0.44823673367500305
0.148018941283226, 1.759076476097107, -0.4486444592475891
0.1512790471315384, 1.7585362195968628, -0.44893357157707214
0.15464255213737488, 1.7579231262207031, -0.44951775670051575
0.15744689106941223, 1.7575113773345947, -0.4497825801372528
0.15995535254478455, 1.7572442293167114, -0.4500780999660492
0.16251391172409058, 1.756993293762207, -0.4505618214607239
0.1646096557378769, 1.756707787513733, -0.4507993757724762
0.1667097955942154, 1.7566033601760864, -0.4512275457382202
0.16831481456756592, 1.75641930103302, -0.45136547088623047
0.16977959871292114, 1.7563538551330566, -0.4515228569507599
0.17112022638320923, 1.756554365158081, -0.4518004059791565
0.17212790250778198, 1.7566897869110107, -0.4518888592720032
0.17305845022201538, 1.7569587230682373, -0.45198699831962585
0.17359840869903564, 1.7572553157806396, -0.4520100951194763
0.17393046617507935, 1.7575265169143677, -0.4519631266593933
0.17445355653762817, 1.7577667236328125, -0.4519693851470947
0.17433105409145355, 1.7581615447998047, -0.4518445134162903
0.1743958294391632, 1.758510708808899, -0.45179516077041626
0.1739087998867035, 1.7590199708938599, -0.4515994191169739
0.17323949933052063, 1.7596222162246704, -0.4513561427593231
0.17262232303619385, 1.760269045829773, -0.4511306583881378
0.17163768410682678, 1.761006236076355, -0.45083850622177124
0.1704493910074234, 1.7617295980453491, -0.4505213499069214
0.16931964457035065, 1.7624064683914185, -0.45015496015548706
0.1676994413137436, 1.7632163763046265, -0.4497506022453308
0.16633577644824982, 1.7639914751052856, -0.44939911365509033
0.1643834114074707, 1.7648154497146606, -0.44894078373908997
0.16232433915138245, 1.7657006978988647, -0.44848066568374634
0.16035611927509308, 1.7665597200393677, -0.448010116815567
0.15793967247009277, 1.7674540281295776, -0.44747626781463623
0.15540951490402222, 1.7684904336929321, -0.4469783306121826
0.15267591178417206, 1.7695211172103882, -0.4463779628276825
0.15001943707466125, 1.7704777717590332, -0.4456930160522461
0.14692279696464539, 1.77145516872406, -0.44504696130752563
0.14389777183532715, 1.7723253965377808, -0.4444692134857178
0.1404876559972763, 1.7734090089797974, -0.44378718733787537
0.13690117001533508, 1.7744882106781006, -0.4430733025074005
0.13348235189914703, 1.7755540609359741, -0.4425225555896759
0.12958864867687225, 1.776672601699829, -0.44178351759910583
0.1258331835269928, 1.7776814699172974, -0.44120681285858154
0.12160858511924744, 1.7787302732467651, -0.44041138887405396
0.1172327846288681, 1.7797362804412842, -0.43960100412368774
0.11299951374530792, 1.7806555032730103, -0.4390397369861603
0.10834431648254395, 1.7815921306610107, -0.4382450580596924
0.10384887456893921, 1.782486081123352, -0.43754395842552185
0.09889866411685944, 1.7833173274993896, -0.4367125332355499
0.09368358552455902, 1.7841029167175293, -0.4359064996242523
0.08872167021036148, 1.7848567962646484, -0.43505969643592834
0.08321227133274078, 1.7856389284133911, -0.43421730399131775
0.07787325233221054, 1.7863044738769531, -0.43341535329818726
0.07204597443342209, 1.7870126962661743, -0.4325852394104004
0.06604230403900146, 1.7877098321914673, -0.43172186613082886
0.06007284298539162, 1.7882033586502075, -0.43112894892692566
0.05370590463280678, 1.788741946220398, -0.43030089139938354
0.04722839593887329, 1.78927743434906, -0.42945125699043274
0.04067917913198471, 1.7897791862487793, -0.4288688004016876
0.033857982605695724, 1.7901560068130493, -0.42812368273735046
0.02712354250252247, 1.7904746532440186, -0.4274003803730011
0.020111534744501114, 1.7909646034240723, -0.42663222551345825
0.013028202578425407, 1.7914704084396362, -0.42588305473327637
0.006088988855481148, 1.7918438911437988, -0.4252530336380005
-0.0011308230459690094, 1.7923623323440552, -0.42456352710723877
-0.008361934684216976, 1.7929117679595947, -0.42388325929641724
-0.01568032242357731, 1.7934105396270752, -0.4231910705566406
-0.022839881479740143, 1.7936195135116577, -0.42263126373291016
-0.030201906338334084, 1.7940040826797485, -0.421983003616333
-0.037398796528577805, 1.7943426370620728, -0.4214014708995819
-0.04469812661409378, 1.794434666633606, -0.42086973786354065
-0.052012111991643906, 1.7945681810379028, -0.4202864468097687
-0.05903298035264015, 1.7945400476455688, -0.41979923844337463
-0.06614997982978821, 1.7945349216461182, -0.41920825839042664
-0.07303133606910706, 1.7943284511566162, -0.4187788963317871
-0.07991760224103928, 1.7940975427627563, -0.41817912459373474
-0.08673854917287827, 1.7938224077224731, -0.41761335730552673
-0.09335093945264816, 1.793661117553711, -0.4172711670398712
-0.09991147369146347, 1.7933849096298218, -0.4168211817741394
-0.10627668350934982, 1.7930647134780884, -0.4164203107357025
-0.11263206601142883, 1.7928386926651, -0.41598400473594666
-0.11877457052469254, 1.7925090789794922, -0.4155341386795044
-0.124715656042099, 1.792249321937561, -0.4152286946773529
-0.13054068386554718, 1.7919021844863892, -0.4147876799106598
-0.13622397184371948, 1.7918232679367065, -0.4145869016647339
-0.1416914463043213, 1.7916162014007568, -0.4142206609249115
-0.1469857394695282, 1.7913861274719238, -0.41389793157577515
-0.15207621455192566, 1.7914156913757324, -0.4137108027935028
-0.1570369452238083, 1.7913837432861328, -0.4133467376232147
-0.16176578402519226, 1.7914788722991943, -0.4130045771598816
-0.16620928049087524, 1.7917283773422241, -0.41277894377708435
-0.1705213189125061, 1.7918097972869873, -0.41239914298057556
-0.174745574593544, 1.7920221090316772, -0.41214022040367126
-0.1787133365869522, 1.7921515703201294, -0.4117831587791443
-0.18248827755451202, 1.79230797290802, -0.4114433526992798
-0.1861676424741745, 1.7924565076828003, -0.4112207591533661
-0.18956147134304047, 1.7925431728363037, -0.4108637869358063
-0.19281046092510223, 1.7926274538040161, -0.4104865789413452
-0.19589544832706451, 1.7926431894302368, -0.41010063886642456
-0.19893768429756165, 1.792604684829712, -0.40981805324554443
-0.20172899961471558, 1.7925670146942139, -0.4093979597091675
-0.2045968770980835, 1.792492151260376, -0.40901896357536316
-0.20710116624832153, 1.792453408241272, -0.40860477089881897
-0.20945854485034943, 1.7923637628555298, -0.4081776738166809
-0.21196594834327698, 1.7922080755233765, -0.40781235694885254
-0.21408675611019135, 1.7921288013458252, -0.4074014127254486
-0.21646219491958618, 1.7920130491256714, -0.40703511238098145
-0.2183443158864975, 1.7919402122497559, -0.40660274028778076
-0.2201450765132904, 1.7918806076049805, -0.4061172902584076
-0.22203326225280762, 1.7917815446853638, -0.40570521354675293
-0.22369852662086487, 1.7917383909225464, -0.40522316098213196
-0.22551243007183075, 1.791658639907837, -0.40477439761161804
-0.22701917588710785, 1.7916256189346313, -0.4042983651161194
-0.22840869426727295, 1.7915701866149902, -0.4037669003009796
-0.2300422340631485, 1.7915093898773193, -0.403302937746048
-0.23128511011600494, 1.7915611267089844, -0.4027940332889557
-0.23265114426612854, 1.7916134595870972, -0.4023128151893616
-0.2337828278541565, 1.7917157411575317, -0.4018135368824005
-0.23482362926006317, 1.7918435335159302, -0.4012903571128845
-0.23599082231521606, 1.7918204069137573, -0.4008338749408722
-0.23688821494579315, 1.7919589281082153, -0.4003349244594574
-0.23772083222866058, 1.792029857635498, -0.3998214304447174
-0.23876343667507172, 1.7919999361038208, -0.3993840217590332
-0.2394765019416809, 1.7921314239501953, -0.3989167809486389
-0.24028843641281128, 1.7921983003616333, -0.3985385000705719
-0.2408210039138794, 1.79228937625885, -0.39808520674705505
-0.24132435023784637, 1.7923328876495361, -0.39765194058418274
-0.2419557124376297, 1.7924350500106812, -0.3973812460899353
-0.24226684868335724, 1.7924895286560059, -0.3969641923904419
-0.2425549328327179, 1.7925598621368408, -0.3965607285499573
-0.24271731078624725, 1.792643427848816, -0.3961981534957886
-0.24302463233470917, 1.7927707433700562, -0.39596953988075256
-0.2430616170167923, 1.7928444147109985, -0.39562806487083435
-0.2431378960609436, 1.7928731441497803, -0.39531129598617554
-0.2430092990398407, 1.7929233312606812, -0.3949895203113556
-0.24279595911502838, 1.7929599285125732, -0.39467471837997437
-0.24274612963199615, 1.792900800704956, -0.39456552267074585
-0.24239927530288696, 1.7929425239562988, -0.3942740261554718
-0.2421301305294037, 1.7930134534835815, -0.39424946904182434
-0.2416202872991562, 1.7930806875228882, -0.3940400779247284
-0.2410276085138321, 1.793127179145813, -0.3938327729701996
-0.24041086435317993, 1.7931828498840332, -0.39378005266189575
-0.23974093794822693, 1.7931967973709106, -0.393624484539032
-0.2390669882297516, 1.7931485176086426, -0.39353644847869873
-0.238244891166687, 1.793135166168213, -0.3934427499771118
-0.23737938702106476, 1.7931923866271973, -0.39338067173957825
-0.236599862575531, 1.7931784391403198, -0.3934699594974518
-0.23566247522830963, 1.7931456565856934, -0.39343225955963135
-0.2349543273448944, 1.793104648590088, -0.3934626877307892
-0.23388953506946564, 1.793080449104309, -0.3934478759765625
-0.23274895548820496, 1.7930521965026855, -0.39345619082450867
-0.23186390101909637, 1.7930090427398682, -0.3934451639652252
-0.23068301379680634, 1.793009638786316, -0.39349842071533203
-0.2294100672006607, 1.793023943901062, -0.39357277750968933
-0.2283582240343094, 1.7929786443710327, -0.39366602897644043
-0.22701579332351685, 1.792995810508728, -0.39376673102378845
-0.2257782220840454, 1.7930370569229126, -0.39392349123954773
-0.22436465322971344, 1.7930729389190674, -0.394071489572525
-0.2228357046842575, 1.7930697202682495, -0.39426010847091675
-0.2214026153087616, 1.7929511070251465, -0.39441704750061035
-0.21975058317184448, 1.7929588556289673, -0.3946361243724823
-0.21805007755756378, 1.7929339408874512, -0.3948766589164734
-0.21630017459392548, 1.7929370403289795, -0.3951348066329956
-0.21457259356975555, 1.7928457260131836, -0.39533311128616333
-0.21268704533576965, 1.7928364276885986, -0.39563071727752686
-0.21080675721168518, 1.7927321195602417, -0.39593586325645447
-0.2088164985179901, 1.7926712036132812, -0.3962491452693939
-0.20675316452980042, 1.7926437854766846, -0.3965873718261719
-0.20477379858493805, 1.7926279306411743, -0.3969407379627228
-0.20259597897529602, 1.7925854921340942, -0.3972797095775604
-0.20056219398975372, 1.7926234006881714, -0.39746978878974915
-0.19829443097114563, 1.7925968170166016, -0.39783334732055664
-0.19597972929477692, 1.7926032543182373, -0.39818689227104187
-0.19390341639518738, 1.7925856113433838, -0.39841118454933167
-0.19147653877735138, 1.7925618886947632, -0.39877960085868835
-0.18923546373844147, 1.7924914360046387, -0.39910075068473816
-0.18675178289413452, 1.79249107837677, -0.3994864821434021
-0.1842048615217209, 1.7925251722335815, -0.39992061257362366
-0.18181611597537994, 1.79249906539917, -0.4003646671772003
-0.17921413481235504, 1.7925477027893066, -0.40077656507492065
-0.17660731077194214, 1.7925442457199097, -0.4012024402618408
-0.17395982146263123, 1.7926291227340698, -0.4016112983226776
-0.1712629497051239, 1.79270601272583, -0.40200644731521606
-0.16863438487052917, 1.7927778959274292, -0.4024254083633423
-0.16589219868183136, 1.7929439544677734, -0.4028273820877075
-0.16316437721252441, 1.793224573135376, -0.4033066928386688
-0.160619854927063, 1.7934612035751343, -0.40367391705513
-0.15786351263523102, 1.793729543685913, -0.4041205644607544
-0.15524299442768097, 1.7938640117645264, -0.40459898114204407
-0.15246497094631195, 1.7940962314605713, -0.40505871176719666
-0.14965762197971344, 1.7942955493927002, -0.40549373626708984
-0.14693327248096466, 1.7943141460418701, -0.406112402677536
-0.14410272240638733, 1.7944129705429077, -0.40651068091392517
-0.14128908514976501, 1.7945303916931152, -0.40690749883651733
-0.13845470547676086, 1.794643759727478, -0.4072887599468231
-0.1356976330280304, 1.7947243452072144, -0.407822847366333
-0.13288748264312744, 1.7947994470596313, -0.4081936180591583
-0.1301976889371872, 1.7948863506317139, -0.40872156620025635
-0.12738224864006042, 1.794905662536621, -0.4091028571128845
-0.1246366947889328, 1.7949978113174438, -0.4094971716403961
-0.12189497798681259, 1.7950379848480225, -0.4099677801132202
-0.11912921816110611, 1.7950955629348755, -0.41037964820861816
-0.11643823981285095, 1.7949870824813843, -0.41082140803337097
-0.11371234804391861, 1.7950212955474854, -0.4112324118614197
-0.11100909113883972, 1.795037031173706, -0.4116349220275879
-0.1084311231970787, 1.7949239015579224, -0.4120740294456482
-0.10575233399868011, 1.7949658632278442, -0.41250553727149963
-0.1031983345746994, 1.7950618267059326, -0.41302189230918884
-0.1005784273147583, 1.7951594591140747, -0.4134597182273865
-0.09799409657716751, 1.7952721118927002, -0.413892537355423
-0.09549040347337723, 1.7953242063522339, -0.41444718837738037
-0.0930127277970314, 1.795366644859314, -0.4149008095264435
-0.09064681828022003, 1.7954061031341553, -0.41540098190307617
-0.08823617547750473, 1.795412302017212, -0.4158666133880615
-0.08587054908275604, 1.7954477071762085, -0.41634872555732727
-0.08359409868717194, 1.795459270477295, -0.4169261157512665
-0.08137359470129013, 1.7954726219177246, -0.4174155592918396
-0.07920640707015991, 1.7954849004745483, -0.41803303360939026
-0.07706102728843689, 1.7955149412155151, -0.41850340366363525
-0.07496657967567444, 1.7955825328826904, -0.41899237036705017
-0.07300201058387756, 1.7956390380859375, -0.41964948177337646
-0.07106135785579681, 1.7957303524017334, -0.42012500762939453
-0.06924668699502945, 1.7958840131759644, -0.420688658952713
-0.06742586195468903, 1.795968770980835, -0.42115262150764465
-0.06563878804445267, 1.7960213422775269, -0.42160749435424805
-0.06393410265445709, 1.7960718870162964, -0.4220859110355377
-0.06226831674575806, 1.7961050271987915, -0.4225626289844513
-0.060713112354278564, 1.7961450815200806, -0.4230426549911499
-0.05916045233607292, 1.7961499691009521, -0.42350533604621887
-0.05773036926984787, 1.7961206436157227, -0.4239806830883026
-0.05634823441505432, 1.7961074113845825, -0.42444026470184326
-0.054980844259262085, 1.7959665060043335, -0.4248325526714325
-0.0537283755838871, 1.795870065689087, -0.42530542612075806
-0.05255071073770523, 1.7956860065460205, -0.42576006054878235
-0.0514342300593853, 1.7954670190811157, -0.42616474628448486
-0.05042644217610359, 1.7952767610549927, -0.4266074597835541
-0.04941841959953308, 1.7950979471206665, -0.42709895968437195
-0.04849754646420479, 1.794886827468872, -0.4275204837322235
-0.047697536647319794, 1.7946866750717163, -0.427931010723114
-0.04686713591217995, 1.7945533990859985, -0.428314745426178
-0.04548032954335213, 1.7941982746124268, -0.4290798604488373
-0.04477209225296974, 1.7940855026245117, -0.4294073283672333
-0.04422632232308388, 1.7939815521240234, -0.4297434389591217
-0.04369829595088959, 1.7938536405563354, -0.4300430715084076
-0.043225377798080444, 1.7937266826629639, -0.4304009974002838
-0.04278899356722832, 1.793610692024231, -0.43064451217651367
-0.04230695962905884, 1.7934786081314087, -0.4309578537940979
-0.041918281465768814, 1.7933695316314697, -0.4312087297439575
-0.04162488877773285, 1.7932639122009277, -0.4314364194869995
-0.04118519276380539, 1.7931915521621704, -0.43163883686065674
-0.04089738428592682, 1.7930941581726074, -0.43181779980659485
-0.04058634489774704, 1.7929526567459106, -0.4321101903915405
-0.040345873683691025, 1.7928736209869385, -0.4322528541088104
-0.04013896733522415, 1.7927515506744385, -0.4323578178882599
-0.03994443267583847, 1.7926567792892456, -0.43269360065460205
-0.03972470387816429, 1.7925716638565063, -0.432824969291687
-0.03958043456077576, 1.792472004890442, -0.43291187286376953
-0.039443425834178925, 1.7923170328140259, -0.4329874515533447
-0.039261724799871445, 1.7921372652053833, -0.4330245852470398
-0.039177995175123215, 1.7919131517410278, -0.4330335259437561
-0.03909292072057724, 1.7917749881744385, -0.43297824263572693
-0.03903960809111595, 1.791612982749939, -0.4329392910003662
-0.03894146531820297, 1.7915064096450806, -0.4329296052455902
-0.03885839506983757, 1.7915030717849731, -0.43288931250572205
-0.03884918615221977, 1.791366457939148, -0.4327966570854187
-0.03889654576778412, 1.791306734085083, -0.43282294273376465
-0.038884345442056656, 1.7911006212234497, -0.4327701926231384
-0.038912635296583176, 1.7909977436065674, -0.4326254725456238
-0.03900779038667679, 1.790926456451416, -0.4326240122318268
-0.03905921056866646, 1.7908227443695068, -0.4324302673339844
-0.03917311877012253, 1.7908073663711548, -0.43230000138282776
-0.0392705500125885, 1.7907626628875732, -0.4320724606513977
-0.039403315633535385, 1.7907401323318481, -0.43182680010795593
-0.03957898169755936, 1.7907532453536987, -0.43167370557785034
-0.03979106992483139, 1.7907652854919434, -0.4314087927341461
-0.039879485964775085, 1.7907582521438599, -0.43132901191711426
-0.04008593410253525, 1.790810227394104, -0.4310721755027771
-0.04033684730529785, 1.7908940315246582, -0.43082067370414734
-0.040585316717624664, 1.7910008430480957, -0.430675208568573
-0.04084154590964317, 1.7910646200180054, -0.4304727017879486
-0.041141659021377563, 1.7911206483840942, -0.43023353815078735
-0.041354481130838394, 1.791211724281311, -0.43010634183883667
-0.04168011248111725, 1.7912791967391968, -0.4299018681049347
-0.042045168578624725, 1.7913466691970825, -0.42982789874076843
-0.042357753962278366, 1.7914384603500366, -0.42963942885398865
-0.04270721971988678, 1.7915403842926025, -0.4294433891773224
-0.042967915534973145, 1.7914999723434448, -0.4292943775653839
-0.0432845763862133, 1.7916054725646973, -0.4291260242462158
-0.04361314699053764, 1.7917327880859375, -0.4289886951446533
-0.043951671570539474, 1.7918578386306763, -0.42881110310554504
-0.04421928897500038, 1.791948676109314, -0.42875537276268005
-0.0445353202521801, 1.7920279502868652, -0.4286167323589325
-0.044801339507102966, 1.7921782732009888, -0.42862769961357117
-0.0451270267367363, 1.7923402786254883, -0.42849433422088623
-0.04540392756462097, 1.7924563884735107, -0.42836320400238037
-0.04568754881620407, 1.7926113605499268, -0.42843958735466003
-0.04599801450967789, 1.7927311658859253, -0.42833444476127625
-0.046262070536613464, 1.792845368385315, -0.4283437430858612
-0.046538133174180984, 1.7929861545562744, -0.4282415211200714
-0.04679441824555397, 1.7930885553359985, -0.42814502120018005
-0.046984799206256866, 1.7933170795440674, -0.4281114339828491
-0.04721837863326073, 1.793416142463684, -0.4280036985874176
-0.04736928641796112, 1.7934952974319458, -0.4279853105545044
-0.04756644368171692, 1.7936159372329712, -0.4278821349143982
-0.0477517768740654, 1.7937465906143188, -0.4277745485305786
-0.04786171764135361, 1.7937065362930298, -0.42781561613082886
-0.047995664179325104, 1.7938286066055298, -0.42774561047554016
-0.04798736050724983, 1.7939121723175049, -0.4278452396392822
-0.048103850334882736, 1.79404878616333, -0.42780596017837524
-0.04819547384977341, 1.7941862344741821, -0.4277705252170563
-0.048241712152957916, 1.794230341911316, -0.4278651773929596
-0.04829254001379013, 1.7943273782730103, -0.42781051993370056
-0.048377230763435364, 1.7943845987319946, -0.4277474880218506
-0.04838639870285988, 1.7943265438079834, -0.42775943875312805
-0.04841083660721779, 1.7943271398544312, -0.4276815354824066
-0.04835928604006767, 1.794365644454956, -0.42769935727119446
-0.0483546108007431, 1.794409990310669, -0.42763566970825195
-0.04833776876330376, 1.7944422960281372, -0.4275606572628021
-0.04832978919148445, 1.7945111989974976, -0.42760756611824036
-0.04832075536251068, 1.7945507764816284, -0.42754167318344116
-0.048301659524440765, 1.7946017980575562, -0.42746925354003906
-0.04830227792263031, 1.7946728467941284, -0.4275180697441101
-0.04827858880162239, 1.7947183847427368, -0.4274435043334961
-0.048259519040584564, 1.7947423458099365, -0.4273669719696045
-0.048227813094854355, 1.7948598861694336, -0.4272816777229309
-0.048168014734983444, 1.7949146032333374, -0.427205890417099
-0.04811454936861992, 1.7949496507644653, -0.4271238446235657
-0.04809216782450676, 1.794969081878662, -0.4270882308483124
-0.048004236072301865, 1.7950160503387451, -0.4270086884498596
-0.04797089472413063, 1.7949550151824951, -0.42697587609291077
-0.04784008860588074, 1.7950226068496704, -0.42689821124076843
-0.047676973044872284, 1.795094609260559, -0.4268295466899872
-0.04765431955456734, 1.7950711250305176, -0.4267890453338623
-0.04749134182929993, 1.7951200008392334, -0.42671656608581543
-0.047320302575826645, 1.7951923608779907, -0.42680108547210693
-0.04715673625469208, 1.795231819152832, -0.42673006653785706
-0.04697270318865776, 1.7952823638916016, -0.4266758859157562
-0.046785932034254074, 1.7953293323516846, -0.4266589879989624
-0.046602025628089905, 1.795386791229248, -0.4266105592250824
-0.0465235710144043, 1.795397400856018, -0.42658907175064087
-0.04635847732424736, 1.7954492568969727, -0.4265461564064026
-0.04617824777960777, 1.7954813241958618, -0.42649802565574646
-0.0461241714656353, 1.7954341173171997, -0.42652612924575806
-0.04595418646931648, 1.795464277267456, -0.4264848232269287
-0.0458063967525959, 1.7954946756362915, -0.42644068598747253
-0.04566533863544464, 1.7955129146575928, -0.4264986217021942
-0.0455426461994648, 1.7955480813980103, -0.4264554977416992
-0.04545650631189346, 1.7955574989318848, -0.4264836013317108
-0.04532185196876526, 1.79558265209198, -0.426440566778183
-0.045184291899204254, 1.7956123352050781, -0.42639675736427307
-0.04500287026166916, 1.7956615686416626, -0.4264557659626007
-0.044863175600767136, 1.7956849336624146, -0.42640721797943115
-0.04472217336297035, 1.7957043647766113, -0.4263545572757721
-0.04451717436313629, 1.7957227230072021, -0.4264432191848755
-0.04438783600926399, 1.795749545097351, -0.4263930320739746
-0.04423965886235237, 1.7957751750946045, -0.4263404905796051
-0.044072192162275314, 1.7957422733306885, -0.4263911545276642
-0.04395417869091034, 1.7957854270935059, -0.42636024951934814
-0.043805986642837524, 1.7958356142044067, -0.42633336782455444
-0.0437186099588871, 1.7957067489624023, -0.4263934791088104
-0.043596748262643814, 1.7957518100738525, -0.4264014661312103
-0.043476928025484085, 1.795760989189148, -0.4265998303890228
-0.04337729513645172, 1.7958464622497559, -0.4266551434993744
-0.04327641800045967, 1.7959331274032593, -0.4267263412475586
-0.04323941469192505, 1.7959914207458496, -0.4269714653491974
-0.04316960647702217, 1.7960559129714966, -0.42706865072250366
-0.04308399185538292, 1.7961225509643555, -0.4272216856479645
-0.042978912591934204, 1.7961748838424683, -0.4273292124271393
-0.04289542883634567, 1.7962181568145752, -0.42744043469429016
-0.04275169596076012, 1.7962599992752075, -0.4275757372379303
-0.04264187440276146, 1.7962921857833862, -0.42770645022392273
-0.04253491759300232, 1.7963112592697144, -0.4279076159000397
-0.042391132563352585, 1.796343207359314, -0.4280553162097931
-0.04226334020495415, 1.7963839769363403, -0.4282188415527344
-0.042096104472875595, 1.7964580059051514, -0.4284632205963135
-0.041941188275814056, 1.7965224981307983, -0.4286467432975769
-0.041814107447862625, 1.7966011762619019, -0.42896726727485657
-0.04165176674723625, 1.7967056035995483, -0.42917993664741516
-0.04146944731473923, 1.7968437671661377, -0.4294666349887848
-0.04135808348655701, 1.7969187498092651, -0.42978185415267944
-0.041220106184482574, 1.7970093488693237, -0.4300578236579895
-0.04105710610747337, 1.7970861196517944, -0.4303152561187744
-0.04098261892795563, 1.7971737384796143, -0.43068626523017883
-0.04086017608642578, 1.797277808189392, -0.43098926544189453
-0.040751878172159195, 1.7973538637161255, -0.4312850832939148
-0.0405813604593277, 1.797307014465332, -0.43167775869369507
-0.04044944792985916, 1.7972651720046997, -0.4319620132446289
-0.04029758274555206, 1.797245979309082, -0.43226999044418335
-0.040033143013715744, 1.7971293926239014, -0.43269234895706177
-0.039882317185401917, 1.7970551252365112, -0.43298566341400146
-0.03976418077945709, 1.7969948053359985, -0.43326497077941895
-0.03954695165157318, 1.7969095706939697, -0.4335961937904358
-0.03940360248088837, 1.7968701124191284, -0.4338381588459015
-0.03927983343601227, 1.7969173192977905, -0.4340580105781555
-0.03913716599345207, 1.7969064712524414, -0.4342827796936035
-0.038991447538137436, 1.796857476234436, -0.4344635307788849
-0.03882290795445442, 1.7968432903289795, -0.4345894157886505
-0.038684528321027756, 1.7967830896377563, -0.43481382727622986
-0.03847561776638031, 1.7967195510864258, -0.4350157678127289
-0.03831508755683899, 1.7967157363891602, -0.4351242780685425
-0.03815363347530365, 1.7967426776885986, -0.4351970851421356
-0.03798029199242592, 1.7967363595962524, -0.4352611303329468
-0.03778615593910217, 1.7967479228973389, -0.4352978467941284
-0.03758729249238968, 1.7967449426651, -0.4353886842727661
-0.03739093989133835, 1.7967402935028076, -0.43536147475242615
-0.037204016000032425, 1.796758770942688, -0.4353402554988861
-0.037056222558021545, 1.7968019247055054, -0.43538495898246765
-0.036845095455646515, 1.7968175411224365, -0.4353342652320862
-0.03667287155985832, 1.796882152557373, -0.43537071347236633
-0.036487825214862823, 1.796921968460083, -0.4353143572807312
-0.03631528839468956, 1.796962022781372, -0.4352658987045288
-0.0361173190176487, 1.7969601154327393, -0.43531227111816406
-0.035977184772491455, 1.7969698905944824, -0.4352608025074005
-0.035833243280649185, 1.7969789505004883, -0.43522679805755615
-0.035713329911231995, 1.796912431716919, -0.43537917733192444
-0.03563769534230232, 1.7969220876693726, -0.43536612391471863
-0.03560030087828636, 1.796937108039856, -0.43537622690200806
-0.0355692096054554, 1.7968026399612427, -0.4355248808860779
-0.0355631560087204, 1.7967743873596191, -0.4355316162109375
-0.03558474779129028, 1.7967606782913208, -0.4355449974536896
-0.03565282002091408, 1.796690583229065, -0.43575364351272583
-0.035723909735679626, 1.796642780303955, -0.4357563555240631
-0.035828597843647, 1.7965869903564453, -0.4357571303844452
-0.035892389714717865, 1.7964980602264404, -0.4358727037906647
-0.03605938330292702, 1.7964414358139038, -0.43585774302482605
-0.03625168651342392, 1.796362280845642, -0.43588733673095703
-0.036430250853300095, 1.7963730096817017, -0.4358793795108795
-0.036658044904470444, 1.7963881492614746, -0.4358702600002289
-0.03691123053431511, 1.7963550090789795, -0.43593576550483704
-0.03716307878494263, 1.7964173555374146, -0.4359326958656311
-0.03738430142402649, 1.7964962720870972, -0.4360695779323578
-0.03764751926064491, 1.7965670824050903, -0.4360794723033905
-0.03792305663228035, 1.7966420650482178, -0.4360959827899933
-0.03817593678832054, 1.7967396974563599, -0.4362075626850128
-0.038460873067379, 1.7968025207519531, -0.43623101711273193
-0.03879299387335777, 1.7969390153884888, -0.4362705945968628
-0.0391060933470726, 1.7969974279403687, -0.4362907409667969
-0.039427999407052994, 1.7970471382141113, -0.43632689118385315
-0.039733488112688065, 1.7971099615097046, -0.43639612197875977
-0.040052834898233414, 1.79714834690094, -0.4364478588104248
-0.0403883121907711, 1.7971910238265991, -0.4365943968296051
-0.04069482907652855, 1.7972699403762817, -0.4366283118724823
-0.041029658168554306, 1.797345519065857, -0.4366705119609833
-0.0413212776184082, 1.7973151206970215, -0.4368879199028015
-0.04165833443403244, 1.7973333597183228, -0.436918705701828
-0.0419769212603569, 1.7973560094833374, -0.43693262338638306
-0.042235326021909714, 1.7974106073379517, -0.437208354473114
-0.04253017529845238, 1.797547459602356, -0.4372263252735138
-0.04284975305199623, 1.7976328134536743, -0.4371892511844635
-0.04317377135157585, 1.7976590394973755, -0.4372245669364929
-0.04347521439194679, 1.7977406978607178, -0.43718478083610535
-0.04381242394447327, 1.7977981567382812, -0.4371425211429596
-0.04406014457345009, 1.7978568077087402, -0.43712538480758667
-0.04436726123094559, 1.7979215383529663, -0.4370761215686798
-0.044677406549453735, 1.7980190515518188, -0.4369726777076721
-0.044931527227163315, 1.7982468605041504, -0.43695226311683655
-0.04521246254444122, 1.7983168363571167, -0.4368728995323181
-0.04553345590829849, 1.7983683347702026, -0.43681564927101135
-0.04580850154161453, 1.798433542251587, -0.43666794896125793
-0.046078573912382126, 1.7984728813171387, -0.4365544319152832
-0.046379413455724716, 1.7984999418258667, -0.43651512265205383
-0.04663622006773949, 1.7985210418701172, -0.43634217977523804
-0.04691074788570404, 1.798427939414978, -0.43624362349510193
-0.04715752974152565, 1.7984362840652466, -0.4360755980014801
-0.04734572768211365, 1.7984825372695923, -0.4359000623226166
-0.047516413033008575, 1.7984496355056763, -0.4357617199420929
-0.047675564885139465, 1.7984868288040161, -0.43557530641555786
-0.047840382903814316, 1.7985295057296753, -0.4355231821537018
-0.047981102019548416, 1.798565149307251, -0.43531113862991333
-0.04813017696142197, 1.7985862493515015, -0.4350978136062622
-0.04825662449002266, 1.798622727394104, -0.43495017290115356
-0.048384033143520355, 1.7986549139022827, -0.43475401401519775
-0.04861833527684212, 1.7986633777618408, -0.4345436692237854
-0.04875192791223526, 1.798685073852539, -0.43431973457336426
-0.04886091500520706, 1.798778772354126, -0.4341493844985962
-0.04891064763069153, 1.798741102218628, -0.43401581048965454
-0.04901638999581337, 1.7987940311431885, -0.43381956219673157
-0.04911532998085022, 1.7988349199295044, -0.43363696336746216
-0.049193721264600754, 1.7988473176956177, -0.4334796071052551
-0.049297742545604706, 1.798828363418579, -0.43331006169319153
-0.04940711706876755, 1.798784852027893, -0.43314656615257263
-0.04957541078329086, 1.7987490892410278, -0.43309834599494934
-0.049654267728328705, 1.7987244129180908, -0.4329432547092438
-0.0497477650642395, 1.798720359802246, -0.43279775977134705
-0.04992431402206421, 1.798751950263977, -0.4328313171863556
-0.05001263692975044, 1.7987608909606934, -0.4327029585838318
-0.05009954795241356, 1.7987658977508545, -0.43258121609687805
-0.05021851882338524, 1.7987183332443237, -0.4325549602508545
-0.05029409006237984, 1.7987090349197388, -0.4324561655521393
-0.05029604956507683, 1.7986466884613037, -0.43240422010421753
-0.05037202686071396, 1.798635482788086, -0.4323299527168274
-0.05045004189014435, 1.7986221313476562, -0.432270348072052
-0.05054831504821777, 1.7985365390777588, -0.4322705566883087
-0.050634365528821945, 1.798507571220398, -0.4322282671928406
